index,Pathway
0,VALSYN-PWY
1,ARG-PRO-PWY
2,PWY0-541
3,PWY-5971
4,PWY-6220
5,PLPSAL-PWY
6,PWY-7227
7,PWY-5943
8,PWY-82
9,PWYQT-4471
10,PWY-6959
11,PWY4FS-13
12,PWY-5947
13,PWY-5113
14,PWY-6546
15,PWY-6466
16,PWY4FS-6
17,PWYDQC-4
18,PWY-6927
19,HEXPPSYN-PWY
20,GLYOXYLATE-BYPASS
21,PWY-5725
22,PWY-5783
23,PWY-6823
24,HEME-BIOSYNTHESIS-II
25,PWY-5723
26,PWY-6605
27,PWY-1001
28,PWY0-1264
29,ASPARAGINESYN-PWY
30,PWY-6121
31,PWY-5884
32,PWY-5097
33,PWY-6118
34,PWY-5064
35,TRPSYN-PWY
36,PWY-6545
37,PWY-4984
38,PWY-6806
39,PWY-6936
40,PWY1F-823
41,PWY1F-467
42,GLUT-REDOX-PWY
43,ILEUSYN-PWY
44,PWY-3301
45,PWY-5350
46,ASPARTATE-DEG1-PWY
47,PWY-5659
48,PWY3O-450
49,PWY-641
50,PWY-6606
51,PWY-6064
52,P401-PWY
53,PWY-7204
54,SULFMETII-PWY
55,PWY-6535
56,GLUTORN-PWY
57,PWY-6333
58,BSUBPOLYAMSYN-PWY
59,PWY-6232
60,PWY-3385
61,LEU-DEG2-PWY
62,PWY1F-353
63,PWY-5175
64,PWY-6556
65,PWY-735
66,PWY-84
67,PWY-5934
68,PROSYN-PWY
69,PWY-1581
70,PWY-6122
71,PWY-1822
72,PWY-6596
73,PWY-5410
74,PWY-5957
75,PWY-6619
76,VALDEG-PWY
77,PWY-6952
78,PWY-4203
79,PWY0-1319
80,PWY-4302
81,PWY-6792
82,PWY-5788
83,PWY-66
84,SAM-PWY
85,PWY-2
86,PWY-6624
87,ALANINE-SYN2-PWY
88,THIOREDOX-PWY
89,ARGSPECAT-PWY
90,PWYQT-4472
91,GLUTSYNIII-PWY
92,PWYQT-4427
93,PWY-4661
94,PWY-5377
95,PWY-5936
96,PWY-4321
97,PWY-5120
98,PWY-5871
99,PWY-1061
100,PWY-283
101,ARGASEDEG-PWY
102,MANNCAT-PWY
103,METHIONINE-DEG1-PWY
104,PWY-621
105,ARGSYNBSUB-PWY
106,PWY-2161B
107,PWY-702
108,PWY-6233
109,PWY-6908
110,PWY0-1535
111,PWY-762
112,PWY-7185
113,PWY-101
114,PWY-3881
115,PWY-2161
116,PWY-7184
117,PWY-3801
118,TRIGLSYN-PWY
119,PWY-6051
120,PWY-5070
121,PWY-401
122,PWY-5453
123,PWY-5340
124,PWYQT-4476
125,PWY-2301
126,PWY-6352
127,PWY-6964
128,HISTSYN-PWY
129,PWY-5107
130,PWY-1801
131,PWY-6930
132,PWY-6931
133,PWY-6442
134,PWY-5098
135,PWY-6623
136,PWY-6549
137,PWY-6842
138,PWY-3561
139,PWY-5152
140,PWY-5041
141,PWY4FS-4
142,PROUT-PWY
143,PWY-7101
144,PWY-6724
145,PWY-5973
146,PWY-6132
147,PWY-6730
148,PWY-6773
149,PWY-5142
150,PWY-4
151,PWY-1187
152,PWY-7432
153,PWY-5063
154,PWY-5083
155,PWY-5366
156,PWY-1121
157,PWY-5686
158,PWY-5287
159,PWY-5046
160,PWY-7250
161,PWY-6804
162,PWY0-1313
163,PWY-5172
164,PWY-5268
165,PWY4FS-2
166,PWY-701
167,PWY-6351
168,ALANINE-DEG3-PWY
169,PWY-6710
170,PWY0-1021
171,PWY-6803
172,UDPNACETYLGALSYN-PWY
173,PWY-5147
174,PWY-7356
175,PWY-6577
176,PWY-5992
177,LIPASYN-PWY
178,PWY0-522
179,PWY-6498
180,PWY-695
181,PWY-6303
182,PWY0-501
183,PWYQT-4450
184,CALVIN-PWY
185,PWY-7158
186,PWY-699
187,PWY-5640
188,PWY-5084
189,PWY-6666
190,PWY-5945
191,PWY-6613
192,PWY-3462
193,PWY-5690
194,PWYQT-4429
195,LIPAS-PWY
196,PWY-6040
197,GLUCONEO-PWY
198,PWY-6543
199,PWY-5123
200,PWY-5998
201,PWY-7219
202,SERSYN-PWY
203,PWY-2881
204,PWY-282
205,PWY-7199
206,PWY-6147
207,PWY-2501
208,PWY-6304
209,PWY-3461
210,PWY-4841
211,PWY-7267
212,ETOH-ACETYLCOA-ANA-PWY
213,PWY-5905
214,PWY-1269
215,PWY-882
216,PWY-2021
217,PWY-2724
218,PWY-40
219,PWY490-4
220,PWY4FS-11
221,PWY-3101
222,PWY-5060
223,PWY-5079
224,PWY-7416
225,PWY-5136
226,PWY-6369
227,PWY-5137
228,PWY-2582
229,PWY-5160
230,PWY-112
231,PWY-5342
232,PWY-5321
233,PWY-5349
234,PWY-5484
235,PWY-5486
236,PWY-7388
237,PWY-6
238,PWY-2902
239,PWY-6406
240,PWY-5980
241,PWY-6430
242,PWY-6618
243,PWY-6717
244,PWY-6909
245,PWY-5168
246,XYLCAT-PWY
247,PWY-981
248,PWY-5434
249,PWY-5080
250,PWY-3982
251,PWY-7036
252,PWY-4101
253,TRESYN-PWY
254,PWY-7140
255,PWY-6756
256,PWY-6599
257,PWY-6825
258,PWY-1881
259,PYRUVDEHYD-PWY
260,PWY-5921
261,PWY-5989
262,PWY-5138
263,PWY66-423
264,GLYCOLYSIS
265,PWY-4261
266,PWY-2821
267,PWY-5035
268,PWY-6275
269,PWY-6527
270,GLUTAMATE-DEG1-PWY
271,PWY-3341
272,PWY-5115
273,PWY-5034
274,PWY-5997
275,CITRULBIO-PWY
276,PWY-1422
277,PWY-861
278,PWY-7071
279,TRNA-CHARGING-PWY
280,PWY-6441
281,PWY-4702
282,PWY-6762
283,PWY-5086
284,CHLOROPHYLL-SYN
285,PWY-4361
286,PWY-6348
287,PWY-5285
288,PWY-5343
289,PWY-6673
290,PWY-7344
291,LEUSYN-PWY
292,PWY-7067
293,PWY-7068
294,PWY-2681
295,PWY-6982
296,PWY-5176
297,PWY-5326
298,PWY-6802
299,PWY-7325
300,ILEUDEG-PWY
301,PWY-2181
302,PWY-4081
303,PWY-6007
304,PWY-7206
305,PWY-5765
306,PWY3DJ-35471
307,ASPSYNII-PWY
308,PWY-6039
309,PWY-7468
310,LCYSDEG-PWY
311,PWY-102
312,PWY-801
313,PWY-5530
314,PWY-7560
315,PWY-5032
316,PWY-6745
317,PWY66-399
318,PWY-5876
319,PWY-6733
320,PWY-5697
321,PWY-6938
322,PWY-5968
323,PWY0-461
324,PWY-7213
325,PWY-5148
326,PWY-5049
327,MANNOSYL-CHITO-DOLICHOL-BIOSYNTHESIS
328,PWY-5267
329,PWY-63
330,NONOXIPENT-PWY
331,PWY-5800
332,PWY-5691
333,PWY-581
334,PWY-6287
335,PWY-5441
336,DETOX1-PWY
337,GLUCOSE1PMETAB-PWY
338,GLUTAMINDEG-PWY
339,ARGININE-SYN4-PWY
340,NAGLIPASYN-PWY
341,PWY-7205
342,PWY-601
343,PWY-5946
344,PWY-116
345,PWY-361
346,PWY-5036
347,PWY-5194
348,GLYSYN-ALA-PWY
349,PWY-4861
350,PWY-7450
351,PWY-4381
352,PWY-5143
353,PWY1F-FLAVSYN
354,PWY-5203
355,PWY-6115
356,ASPARAGINE-DEG1-PWY
357,PWY-6754
358,PWY-5481
359,PWY-5386
360,PWY-7039
361,PWY-5886
362,PWY-6367
363,PWY-5670
364,GLYSYN-PWY
365,PWY-3181
366,GLUTAMATE-SYN2-PWY
367,PWY-5963
368,PWY-6363
369,PWY-6305
370,PWY-6898
371,PWY-6317
372,PWY-6364
373,PWY-5381
374,PWY-6614
375,PWY-7436
376,PWY-5698
377,COA-PWY
378,PWY-7176
379,PWY-3041
380,PWY-2841
381,PWY-5466
382,PWY-5391
383,PWY-4021
384,PWY-4983
385,PWYQT-4474
386,PWY-7221
387,PWY-5271
388,PWY-6483
389,PWY-3981
390,PWY-3941
391,PWY-6012
392,HOMOSERSYN-PWY
393,CAMALEXIN-SYN
394,NONMEVIPP-PWY
395,OXIDATIVEPENT-PWY
396,PWY-6005
397,PWY-3542
398,PANTO-PWY
399,PWY-7187
400,PWY-3781
401,PWY-6607
402,PWY-321
403,PWY-7346
404,PWY-6219
405,PWY-83
406,PWY-922
407,ASPARTATESYN-PWY
408,PWY66-21
409,PWY-6890
410,PWY0-1182
411,PWY-6910
412,PWY-3261
413,KDOSYN-PWY
414,PWY-5320
415,PWY-7197
416,PWY-1081
417,PWY-1042
418,PWY-2901
419,PWY-7120
420,PWY-6199
421,PYRIDNUCSYN-PWY
422,PWY-1186
423,ASPARAGINE-BIOSYNTHESIS
424,PWY-5129
425,GLYOXDEG-PWY
426,PWY-5859
427,PWY-6477
428,GLUTATHIONESYN-PWY
429,PWY-5805
430,GLUGLNSYN-PWY
431,PWYQT-4477
432,PWY-7343
433,PWY-5027
434,PWY-6502
435,PWY-5188
436,PWYQT-4475
437,PWY-5389
438,PWY-5667
439,ARGDEG-V-PWY
440,MALATE-ASPARTATE-SHUTTLE-PWY
441,PWY-6736
442,FASYN-ELONG-PWY
443,PWY0-662
444,PWY-43
445,CYSTSYN-PWY
446,PWY-5944
447,PWY-3221
448,PWY-4341
449,PWY-6008
450,PWY-6787
451,PWY-5122
452,PWY-6922
453,PWY-6457
454,PWY-5469
455,PWY-6668
456,PWY-6520
457,PWY-3821
458,PWY-7193
459,PWY-5807
460,PWY-181
461,PWY4FS-12
462,TYRFUMCAT-PWY
463,PWY-5669
464,PWY-5272
465,PWY-6554
466,PWY-6902
467,PWY-6932
468,CYANCAT-PWY
469,PWY-7238
470,PWY-5337
471,PWY-6786
472,PWY-381
473,PWY-6124
474,HOMOSER-THRESYN-PWY
475,ETHYL-PWY
476,PWY-5125
477,PWY-6799
478,PWY4FS-3
479,GLYCLEAV-PWY
480,PWY-5068
481,RIBOSYN2-PWY
482,PWY-7226
483,PWY-6444
484,PWY-5995
485,PWY-7183
486,CITRULLINE-DEG-PWY
487,PWY-6035
488,PWY-6019
489,ALACAT2-PWY
490,GLNSYN-PWY
491,PWY-622
492,PWY-3841
493,PWY-6163
494,PWY-6473
495,PWY-2261
496,PWY-6239
497,PWY-6475
498,PWYQT-4473
499,PWY-5269
500,PWY-5704
501,PWY-6845
502,PWY0-1507
503,PWY-7224
504,PWY-2781
505,PWY-6707
506,PWY-7170
507,PWY-6837
508,PWY-782
509,PWY-6164
510,PWY0-1544
511,PWY-46
512,PWY0-1578
513,TREDEGLOW-PWY
514,PWY-6617
515,PWY-5436
516,PWY0-1221
517,PWY0-1567
518,PUTDEG-PWY
519,PWY0-1584
520,2PHENDEG-PWY
521,PWY0-1477
522,PWY-5852
523,SALVPURINE2-PWY
524,PWY0-1329
525,PWY0-1321
526,THRDLCTCAT-PWY
527,PWY0-43
528,PWY-6611
529,PWY-5155
530,SERDEG-PWY
531,PWY0-1353
532,PWY0-1348
533,PWY-6609
534,PWY-6282
535,HEMESYN2-PWY
536,PWY0-1565
537,PWY0-1356
538,PWY-5437
539,PWY-7545
540,PWY0-1577
541,PWY0-1301
542,PWY0-44
543,PWY0-1335
544,PWY0-1582
545,THREONINE-DEG2-PWY
546,LYXMET-PWY
547,GLUAMCAT-PWY
548,PWY0-1300
549,GALACTITOLCAT-PWY
550,PWY0-1314
551,KDO-LIPASYN-PWY
552,P2-PWY
553,PWY0-1534
554,PWY-7180
555,PWY-7335
556,PWY0-1309
557,RIBOKIN-PWY
558,ALKANEMONOX-PWY
559,LIPA-CORESYN-PWY
560,PWY-5964
561,FUCCAT-PWY
562,PWY0-1275
563,DARABCATK12-PWY
564,SORBDEG-PWY
565,GLYCOGENSYNTH-PWY
566,CARNMET-PWY
567,PWY-6123
568,PWY-6703
569,PWY-7181
570,ARABCAT-PWY
571,PWY-7195
572,PWY-6476
573,UDPNAGSYN-PWY
574,PPGPPMET-PWY
575,PWY0-1586
576,MANNIDEG-PWY
577,FERMENTATION-PWY
578,PWY0-1433
579,PWY-7805
580,PWY-5837
581,PWY0-1324
582,PWY-6268
583,PWY0-1312
584,PWY0-1305
585,PWY0-301
586,PWY0-661
587,PWY0-1241
588,PWY-5755
589,PWY-6961
590,NADPHOS-DEPHOS-PWY
591,PWY0-1299
592,PWY-6620
593,PWY3O-4106
594,PWY-7761
595,PWY-7315
596,PWY0-901
597,PWY0-1295
598,PWY-6892
599,TCA
600,PWY0-1303
601,PWY-5965
602,1CMET2-PWY
603,PWY-4121
604,AST-PWY
605,PYRIDNUCSAL-PWY
606,BETSYN-PWY
607,PWY-5966
608,DTDPRHAMSYN-PWY
609,PWY0-1546
610,PWY0-823
611,PYRIDOXSYN-PWY
612,PWY-7446
613,PWY-7801
614,PWY0-981
615,PWY-6537
616,PWY-4621
617,PWY-6608
618,TYRSYN
619,PWY-5901
620,PWY0-1315
621,ALANINE-VALINESYN-PWY
622,PWY0-1317
623,ENTNER-DOUDOROFF-PWY
624,PWY-7222
625,IDNCAT-PWY
626,ALADEG-PWY
627,COBALSYN-PWY
628,PWY0-1306
629,PWY0-521
630,GALACTCAT-PWY
631,PWY0-862
632,PWY-7242
633,PWY0-1533
634,PWY0-1261
635,PWY-7247
636,GLYCOLATEMET-PWY
637,PWY0-1391
638,PWY-6519
639,DAPLYSINESYN-PWY
640,TRYPDEG-PWY
641,BGALACT-PWY
642,GLYCOCAT-PWY
643,RHAMCAT-PWY
644,GLUTSYN-PWY
645,PWY-6153
646,HCAMHPDEG-PWY
647,PWY-5785
648,PWY-6690
649,PWY-6700
650,PWY0-1587
651,PWY0-1554
652,PWY0-1479
653,PWY-7220
654,GLUCARDEG-PWY
655,GALACTUROCAT-PWY
656,PWY0-1517
657,GLUCONSUPER-PWY
658,GALACTARDEG-PWY
659,PWY-5162
660,PWY-6387
661,FAO-PWY
662,PWY0-1347
663,PWY-6038
664,GLUTDEG-PWY
665,PWY0-1355
666,GLYCEROLMETAB-PWY
667,PWY0-1545
668,ACETOACETATE-DEG-PWY
669,PWY-5668
670,PWY0-1337
671,PWY0-1576
672,PWY-6894
673,PWY0-1581
674,PWY0-1280
675,HOMOSER-METSYN-PWY
676,PWY0-1561
677,PWY0-1527
678,PWY0-1585
679,PWY0-1465
680,PWY0-1568
681,PWY0-1569
682,PWY0-1336
683,PWY0-1296
684,MENAQUINONESYN-PWY
685,PWY-7544
686,PWY0-1352
687,PWY0-1466
688,PWY-7179
689,PROPIONMET-PWY
690,PHESYN
691,PWY0-1334
692,PWY0-1573
693,SALVADEHYPOX-PWY
694,PWY-6708
695,PWY0-1471
696,PWY0-42
697,PWY0-1338
698,PWY0-321
699,PWY-7506
700,PWY-7501
701,PWY-5651
702,PWY-6307
703,PWY-0
704,PWY-5067
705,PWY-7601
706,PWY-5941
707,PWY66-421
708,PWY66-420
709,PWY-6405
710,PWY66-397
711,PWY66-395
712,PWY-6100
713,PWY66-394
714,PWY66-393
715,PWY66-392
716,PWY66-382
717,PWY66-381
718,PWY66-380
719,PWY66-378
720,PWY66-377
721,PWY66-375
722,PWY66-374
723,PWY66-301
724,PWY-5270
725,PWY-7306
726,PWY-7299
727,PWY-6241
728,PWY-6076
729,PWY-6030
730,PWY-6566
731,PWY-6557
732,PWY-7179-1
733,PWY-5695
734,PWY-6567
735,PWY-5663
736,PWY-6558
737,PWY-6568
738,PWY-5189
739,PWY-6260
740,PWY-6261
741,P121-PWY
742,PWY-6138
743,PWY-5754
744,PWY-5972
745,PWY-7433
746,HOMOCYSDEGR-PWY
747,PWY66-398
748,PWY3DJ-12
749,PWY-7437
750,PWY-7511
751,PWY-5872
752,PWY-7606
753,PWY-7177
754,PWY6666-2
755,PWY66-428
756,PWY-6181
757,PWY-4921
758,PWY66-389
759,PWY66-422
760,PWY-6370
761,PWY66-221
762,PWY66-201
763,PWY66-161
764,PWY66-162
765,PWY-5030
766,PWY-6400
767,LYSINE-DEG1-PWY
768,PWY66-425
769,PWY-6398
770,PWY-6399
771,PWY-7286
772,PWY-2201
773,PWY-6689
774,PWY3DJ-11281
775,PWY-6129
776,PWY-7210
777,PWY-7455
778,PWY-6366
779,PWY-6074
780,PWY-6061
781,PWY-6365
782,ADENOSYLHOMOCYSCAT-PWY
783,ASPARAGINE-DEG1-PWY-1
784,MGLDLCTANA-PWY
785,CHOLINE-BETAINE-ANA-PWY
786,PWY-6482
787,PWY-6173
788,PWY-6158
789,GLYCGREAT-PWY
790,CYSTEINE-DEG-PWY
791,PWY66-367
792,PWY-5329
793,PWY66-368
794,PWY-5652
795,PWY-5177
796,PWY-5996
797,PWY-5994
798,BETA-ALA-DEGRADATION-I-PWY
799,PWY-6362
800,PWY-6334
801,PWY-6861
802,PWY-6872
803,PWY-6481
804,PWY-6875
805,PWY-6857
806,PWY-5451
807,PWY6666-1
808,PWY3DJ-11470
809,PWY-6368
810,PWY-6111
811,PWY-6012-1
812,PWY-5331
813,PWY-6133
814,PWY-3661-1
815,PWY-6576
816,PWY-6573
817,PWY-6281
818,PWY-6000
819,PHENYLALANINE-DEG1-PWY
820,PWY66-366
821,PWY-6117
822,PWY66-373
823,PWY66-426
824,PWY-7049
825,HYDROXYPRODEG-PWY
826,PWY-5514
827,PWY-5512
828,PWY-5653
829,NAD-BIOSYNTHESIS-III
830,PWY-4202
831,PWY66-241
832,PWY-6377
833,NADPHOS-DEPHOS-PWY-1
834,PWY-7112
835,PWY-6688
836,PWY-6342
837,PWY-4061
838,PWY-6313
839,PWY66-388
840,PWY66-391
841,PWY66-387
842,PWY-5874
843,PWY-5525
844,LACTOSECAT-PWY
845,PWY-5951
846,PWY-5939
847,LARABITOLUTIL-PWY
848,PWY-5938
849,DARABITOLUTIL-PWY
850,PWY-5151
851,TRPCAT-PWY
852,SUCUTIL-PWY
853,SPHINGOLIPID-SYN-PWY
854,TRYPANOSYN-PWY
855,PWY-6972
856,PWY-741
857,PWY-2343
858,PWY-2701
859,PWY-7430
860,PWY-7480
861,PWY-7557
862,PWY-5926
863,PWY-7698
864,PWY-2561
865,PWY-7747
866,PWY-7795
867,PWY-2904
868,PWY-7825
869,PWY-2345
870,PWY-2861
871,PWY5F9-12
872,PWY5F9-3233
873,PWY-7044
874,PWY-6913
875,PWY-7403
876,PWY-7628
877,PWY-7391
878,PWY-6807
879,PWY-7524
880,PWY-2381
881,PWY-6174
882,PWY-5648
883,PWY-6812
884,PWY-7100
885,PWY-5296
886,PWY-6677
887,PWY-5197
888,PWY-6085
889,PWY-5277
890,PWY-6086
891,PWY-6102
892,PWY-5352
893,PWY-6107
894,PWY-6178
895,PWY-5889
896,PWY-6197
897,PWY-6200
898,PWY-7496
899,PWY-5741
900,PWY-7512
901,PWY-5888
902,PWY-6728
903,PWY-7771
904,PWY-6859
905,PWY-7823
906,PWY-6871
907,PWY-6873
908,PWY-6215
909,PWY-6876
910,PWY-6217
911,PWY-6221
912,PWY-6992
913,PWY-6216
914,PWY-7007
915,PWY-6088
916,PWY-7102
917,PWY-6228
918,PWY-7118
919,PWY-7126
920,PWY-7178
921,PWY-7813
922,RUMP-PWY
923,PWY-6084
924,PWY-6087
925,PWY-6093
926,PWY-6094
927,PWY-5893
928,PWY-6193
929,PWY-6089
930,PWY-6214
931,PWY-5806
932,PWY-5817
933,PWY-5303
934,PWY-6104
935,PWY-6103
936,PWY-5816
937,PWY-6383
938,PWY-4521
939,PWY-7429
940,THIOSULFOX-PWY
941,PWY-7279
942,PWY-6794
943,P581-PWY
944,PWY-5751
945,PWY-5787
946,PWY-5832
947,PWY-6998
948,PWY-743
949,PWY-5831
950,PWY-6320
951,PWY-5834
952,PWY-6323
953,PWY-5830
954,PWY-7294
955,PWY-5833
956,PWY-6458
957,PWY-7127
958,PWY-6752
959,PWY-6760
960,PWY-7074
961,PWY-7075
962,PWY-7076
963,PWY-7303
964,PWY-5516
965,PWY-6160
966,PWY-7411
967,PWY-5358
968,PWY-7782
969,PWY-7050
970,PWY-7417
971,PWY-7724
972,PWY-6958
973,PWY-6349
974,PWY-7602
975,PWY-6940
976,PWY-5981
977,PWY-5161
978,PWY-5339
979,SULFUROX-PWY
980,FESULFOX-PWY
981,P301-PWY
982,P122-PWY
983,PWY-7457
984,P282-PWY
985,P222-PWY
986,PWY-5276
987,PWY-6080
988,PWY-7757
989,PWY-7046
990,PWY-7627
991,PWY-4201
992,PWY-5867
993,PWY-7676
994,PWY-7675
995,PWY-7461
996,PWY-7460
997,PWY-3
998,PWY-6891
999,PWY-5048
1000,PWY-6397
1001,PWY-6896
1002,PWY-6454
1003,PWY-6455
1004,PWY-6626
1005,PWY-6899
1006,PWY-7820
1007,PWY-6386
1008,PWY-6828
1009,PWY-6167
1010,PWY-6168
1011,PWY-7629
1012,PWY-7096
1013,PWY-7748
1014,PWY-1981
1015,PWY-1741
1016,PWY-1962
1017,PWY-6140
1018,PWY-5784
1019,PWY-6143
1020,PWY-5811
1021,PWY-6893
1022,PWY-6144
1023,PWY-7615
1024,PWY-1961
1025,PWY-7576
1026,PWY-7529
1027,N2FIX-PWY
1028,PWY-7696
1029,PWY-7674
1030,PWY-7719
1031,PWY-5797
1032,PWY-6829
1033,PWY-6749
1034,PWY-5978
1035,PWY-7131
1036,PWY8J2-22
1037,PWY-6139
1038,PWY-6907
1039,PWY-6190
1040,PWY-6192
1041,PWY-7251
1042,PWY-6191
1043,PWY-7800
1044,PWY-6841
1045,PWY-6997
1046,PWY-6646
1047,PWY-7198
1048,PWY1G-1
1049,PWY-7799
1050,PWY-5045
1051,PWY-7685
1052,PWY-7802
1053,PWY-7559
1054,P641-PWY
1055,PWY-5499
1056,PWY-5645
1057,PWY-7739
1058,PWY-5637
1059,PWY-6418
1060,PWY-5890
1061,PWY-4922
1062,PWY-5895
1063,PWY-7056
1064,PWY-5844
1065,PWY-5365
1066,PWY-5892
1067,PWY-7055
1068,PWY-7058
1069,PWY-7398
1070,PWY-5849
1071,PWY-5472
1072,PWY-5891
1073,PWY-7057
1074,PWY1-2
1075,PWY-7363
1076,PWY-7304
1077,PWY-3901
1078,PWY-5319
1079,PWY-5470
1080,PWY-5839
1081,PWY-6337
1082,PWY-7522
1083,PWY-7507
1084,P201-PWY
1085,P221-PWY
1086,P481-PWY
1087,P482-PWY
1088,P621-PWY
1089,PWY-5355
1090,PWY-5744
1091,PWY-5364
1092,PWY-723
1093,PWY-7582
1094,PWY-5103
1095,PWY-5101
1096,PWY-5332
1097,PWY-5108
1098,PWY-7309
1099,PWY-7308
1100,PWY-5104
1101,PWY-5078
1102,PWY-5394
1103,PWY-5403
1104,PWY-5426
1105,PWY-5400
1106,PWY-5399
1107,QUINATEDEG-PWY
1108,PWY-5404
1109,PWY-5439
1110,PWY-5775
1111,PWY-6416
1112,PWY-7380
1113,PWY-6675
1114,PWY-6427
1115,PWY-6425
1116,PWY-7080
1117,PWY-7633
1118,PWY-5701
1119,PWY-2321
1120,PWY-5061
1121,PWY-2463
1122,PWY-5801
1123,PWY-5825
1124,PWY-7145
1125,PWY-2762
1126,PWY-6580
1127,PWY-2002
1128,PWY-7079
1129,PWY-3042
1130,PWY-7625
1131,PWY-4681
1132,PWY-5821
1133,PWY-5371
1134,PWY-2467
1135,PWY-7115
1136,PWY-6332
1137,PWY-2761
1138,PWY-2083
1139,PWY-5795
1140,PWY-4502
1141,PWY-241
1142,PWY-5729
1143,PWY-2464
1144,PWY-7860
1145,PWY-5987
1146,PWY490-3
1147,PWY-7117
1148,PWY-5675
1149,ANAPHENOXI-PWY
1150,PWY-7518
1151,PWY-6318
1152,PWY-5515
1153,PWY-7295
1154,PWY-5517
1155,PWY-5780
1156,P184-PWY
1157,PWY-5802
1158,PWY-7214
1159,PWY-5290
1160,PWY-7113
1161,PWY-5467
1162,PWY-6336
1163,PWY-6667
1164,PWY-6495
1165,PWY-7532
1166,PWY-5468
1167,FLUORENE-DEG-9-ONE-PWY
1168,PWY-5301
1169,PWY-1381
1170,PWY-7387
1171,PWY-6493
1172,PROTOCATECHUATE-ORTHO-CLEAVAGE-PWY
1173,PWY-7683
1174,PWY-7520
1175,AMMOXID-PWY
1176,PWY-5292
1177,PWY-5877
1178,PWY-2242
1179,PWY-7059
1180,PWY-7635
1181,PWY-5443
1182,PWY-7378
1183,PWY-1622
1184,PWY-7234
1185,P185-PWY
1186,PWY-1861
1187,PWY-1723
1188,FORMASS-PWY
1189,PWY1G-170
1190,PWY-6326
1191,PWY-5848
1192,PWY-7321
1193,PWY-4441
1194,PWY-1921
1195,PWY-7686
1196,PWY-5658
1197,PWY-5359
1198,PWY-6766
1199,PWY-5656
1200,PWY-6763
1201,PWY-6686
1202,PWY-6327
1203,PWY-2503
1204,P181-PWY
1205,PWY-6687
1206,PWY-7515
1207,PWY-5159
1208,PWY-6308
1209,PWY-7128
1210,PWY-6993
1211,PWY-5033
1212,PWY-722
1213,PWY-5055
1214,PWY-6462
1215,PWY-7722
1216,PWY-5707
1217,PWY-6461
1218,PWY-6459
1219,PWY-6539
1220,PWY-6463
1221,PWY-5706
1222,PWY-6438
1223,PWY-7561
1224,PWY-5393
1225,PWY-6314
1226,PWY-7673
1227,PWY-7620
1228,PWY-5427
1229,P108-PWY
1230,PWY-7695
1231,PWY-7632
1232,PWY-7513
1233,PWY-4961
1234,PWY-7614
1235,PWY-12
1236,PWY-5021
1237,PWY-7565
1238,PWY-1
1239,PWY-5494
1240,PWY-6312
1241,PWY-5
1242,PWY-6433
1243,PWY-7672
1244,PWY-4985
1245,PWY-7692
1246,PWY-5110
1247,PWY-6627
1248,PWY-7563
1249,PWY-4801
1250,P321-PWY
1251,PWY-5708
1252,PWY-6310
1253,CENTBENZCOA-PWY
1254,PWY-6316
1255,PWY-1361
1256,PWY1G-0
1257,PWY-7689
1258,PWY-7546
1259,AEROBACTINSYN-PWY
1260,PWY-6900
1261,PWY-6244
1262,PWY-7571
1263,PWY-6243
1264,PWY-3581
1265,PWY-5815
1266,PWY-5912
1267,PWY-6378
1268,PWY-6840
1269,PWY-6407
1270,PWY-6780
1271,PWY-6758
1272,PWY-6772
1273,PWY8J2-1
1274,PWY-6574
1275,PWY-6765
1276,P241-PWY
1277,PWY-6785
1278,PWY-5196
1279,PWY-6744
1280,PWY-761
1281,PWY-5198
1282,PWY-6759
1283,PWY-5199
1284,PWY-6512
1285,PWY-5207
1286,PWY-5382
1287,PWY-4181
1288,PWY-5254
1289,P283-PWY
1290,PWY-6289
1291,PWY-5796
1292,PWY-5135
1293,PWY-5915
1294,PWY-6914
1295,PWY-5917
1296,PWY1G-126
1297,PWY-6376
1298,PWY-6148
1299,PWY-5475
1300,PWY-6381
1301,PWY-6420
1302,PWY-5476
1303,PWY-7064
1304,PWY-6409
1305,GALDEG-PWY
1306,PWY-6693
1307,PWY-7578
1308,PWY-7579
1309,PWY-6361
1310,PWY-7580
1311,PWY-7577
1312,PWY-7639
1313,PWY-7568
1314,PWY-7710
1315,PWY-5392
1316,PWY-5925
1317,GALLATE-DEGRADATION-I-PWY
1318,PWY-6372
1319,P3-PWY
1320,GALLATE-DEGRADATION-II-PWY
1321,P42-PWY
1322,PWY-6637
1323,PWY-6375
1324,PWY-5477
1325,P23-PWY
1326,PWY-6616
1327,PWY-6379
1328,PWY-7781
1329,PWY-4781
1330,PWY-7374
1331,PWY-6638
1332,PWY-6408
1333,PWY-7371
1334,PWY-6273
1335,PWY-6540
1336,PWY-5480
1337,12DICHLORETHDEG-PWY
1338,PWY-5195
1339,GAMMAHEXCHLORDEG-PWY
1340,PCEDEG-PWY
1341,PWY-7409
1342,PCPDEG-PWY
1343,NOPALINEDEG-PWY
1344,PWY-6587
1345,PWY-1281
1346,PWY-5822
1347,OCTOPINEDEG-PWY
1348,PWY-7425
1349,PWY-7497
1350,PWY-31
1351,PWY-7428
1352,PWY-6999
1353,PWY-6718
1354,PWY-5461
1355,PWY-7736
1356,PWY-5982
1357,PWY-7720
1358,P21-PWY
1359,PWY-5473
1360,PWY-7796
1361,PWY-5474
1362,PWY-6448
1363,PWY-5738
1364,PWY-7613
1365,PWY-6440
1366,GDPRHAMSYN-PWY
1367,PWY-5661
1368,PWY-5740
1369,PWY-6713
1370,PWY-7610
1371,PWY-6714
1372,PWY-5739
1373,PWY-6478
1374,PWY-5748
1375,PWY-7573
1376,PWY-7600
1377,PWY-5491
1378,PWY-6027
1379,P483-PWY
1380,PWY-7605
1381,PWY-7135
1382,PHOSPHONOTASE-PWY
1383,PWY-7525
1384,PWY-7447
1385,PWY-7704
1386,PWY-6832
1387,PWY-6653
1388,PWY-7543
1389,PWY-5710
1390,PWY-7558
1391,2AMINOBENZDEG-PWY
1392,PWY-5958
1393,PWY-6504
1394,PWY-7604
1395,PWY-6079
1396,PWY-6923
1397,PWY-6906
1398,PWY-6077
1399,PWY-7608
1400,PWY-7265
1401,PWY-6855
1402,PWY-7660
1403,PWY-7822
1404,PWY-7542
1405,PWY-7826
1406,PWY-5666
1407,PWY-7555
1408,PWY-7232
1409,PWY-5883
1410,LACTOSEUTIL-PWY
1411,PWY-7603
1412,PWY-5278
1413,PWY-5047
1414,PWY-7607
1415,PWY-6983
1416,PWY-7138
1417,PWY-4981
1418,PWY-7612
1419,PWY-5279
1420,PWY-7526
1421,PWY-4281
1422,PWY-7705
1423,PWY-5664
1424,PWY-5315
1425,PWY-6494
1426,PWY-7549
1427,PWY-7147
1428,PWY-6578
1429,PWY-5076
1430,PWY-5075
1431,PWY-7767
1432,PWY-7638
1433,PWY-6809
1434,PWY-5875
1435,PWY-7591
1436,PWY-6824
1437,PWY-7637
1438,PWY-7491
1439,PWY-6767
1440,PWY-7749
1441,PWY-7636
1442,PWY-6820
1443,PWY18HP-2
1444,PWY-7487
1445,PWY-7631
1446,PWY-3602
1447,PWY-6738
1448,PWY-5479
1449,PWY-7472
1450,PWY-7139
1451,PWY-6739
1452,PWY-7630
1453,PWY-7471
1454,PWY-3641
1455,PWY-6302
1456,PWY-7650
1457,PWY-6826
1458,PWY-5283
1459,PWY-5314
1460,PWY-6328
1461,PWY-6553
1462,LYSDEGII-PWY
1463,PWY-6552
1464,PWY-5280
1465,PWY-6633
1466,PWY-5311
1467,PWY-6538
1468,PWY-7470
1469,PWY-5298
1470,PWY-5324
1471,PWY-2942
1472,PWY-2941
1473,LYSINE-AMINOAD-PWY
1474,PWY-3081
1475,PWY-7053
1476,PWY-7727
1477,PWY-7585
1478,PWY-5409
1479,PWY-5406
1480,PWY-5274
1481,PWY-6978
1482,PWY-7554
1483,PWY-7856
1484,PWY-7766
1485,PWY-7552
1486,PWY-5752
1487,PWY-5316
1488,14DICHLORBENZDEG-PWY
1489,PWY-6090
1490,PWY-6852
1491,PWY-6083
1492,PWY-6099
1493,PWY-6081
1494,PWY-6091
1495,PWY-7589
1496,PWY-6684
1497,PWY-7164
1498,PWY-7843
1499,PWY-7846
1500,PWY-6654
1501,PWY-7845
1502,PWY-5297
1503,PWY-3961
1504,PWY-7848
1505,PWY-7844
1506,PWY-7847
1507,PWY-5526
1508,PWY-7760
1509,PWY-7759
1510,PWY-7014
1511,PWY-7758
1512,PWY-7762
1513,PWY-6534
1514,PWY-7022
1515,PWY-7764
1516,SHIKIMATEDEG-PWY
1517,PWY-6419
1518,PWY-1341
1519,PWY-7159
1520,PWY-5531
1521,PWY-7581
1522,PWY-5923
1523,PWY-6526
1524,PWY-5924
1525,PWY-6946
1526,PWY-6945
1527,PWY-7709
1528,PWY-7141
1529,PWY-7818
1530,PWY-7167
1531,PWY-3721
1532,PWY-7467
1533,PWY-7369
1534,PWY-7357
1535,PWY-7817
1536,PWY-7282
1537,TEICHOICACID-PWY
1538,PWY-7593
1539,PWY-6001
1540,PWY-5029
1541,PWY-7816
1542,PWY-5028
1543,PWY-7855
1544,HISTDEG-PWY
1545,PWY-5031
1546,PWY-5736
1547,PWY-7246
1548,PWY-7819
1549,HISHP-PWY
1550,PWY-7431
1551,HISDEG-PWY
1552,PWY-7248
1553,PWY-7815
1554,PWY-7085
1555,P561-PWY
1556,PWY-6968
1557,PWY-7530
1558,PWY-7290
1559,PWY-7268
1560,PWY-1264
1561,PWY-7269
1562,DENITRIFICATION-PWY
1563,TAURINEDEG-PWY
1564,P303-PWY
1565,PWY-6529
1566,PWY-1263
1567,P224-PWY
1568,PWY-5674
1569,PWY-6748
1570,PWY-7850
1571,DISSULFRED-PWY
1572,PWY-4601
1573,PWY-6530
1574,PWY-6134
1575,PWY-5418
1576,PHENOLDEG-PWY
1577,PWY-6120
1578,PWY-7382
1579,PWY-6987
1580,PWY-6984
1581,PWY-5407
1582,PWY-5408
1583,PWY3O-4108
1584,PWY-5458
1585,PWY-7516
1586,PWY-5456
1587,PWY-5462
1588,PWY-4421
1589,DHGLUCONATE-PYR-CAT-PWY
1590,PWY-7566
1591,PWY-7682
1592,PWY-5882
1593,PWY-6835
1594,PWY-6501
1595,PWY-7643
1596,PWY-6330
1597,PWY-6801
1598,PWY-6499
1599,PWY-6949
1600,PWY-5081
1601,PWY-7498
1602,PWY-7540
1603,PWY-6648
1604,PWY-7599
1605,PWY-5954
1606,PWY-7399
1607,PWY-7153
1608,PWY-7751
1609,PWY-5959
1610,PWY-6753
1611,PWY-6795
1612,PWY-6048
1613,PWY-7490
1614,PWY-6683
1615,PWY-6045
1616,PWY8J2-20
1617,PWY-6486
1618,PWY-5975
1619,PWY-6029
1620,PWY-6831
1621,PWY-6491
1622,PWY-7531
1623,PWY-6325
1624,PWY-6069
1625,PWY-6515
1626,PWY-6926
1627,PWY-3162
1628,PWY-7536
1629,PWY-7397
1630,PWY-6644
1631,PWY-5153
1632,PWY-7040
1633,TRPKYNCAT-PWY
1634,PWY-6967
1635,PWY-7262
1636,PWY-7556
1637,PWY-6965
1638,PWY-5284
1639,PWY-5935
1640,PWY-7449
1641,PWY-6661
1642,PWY-5307
1643,PWY-7708
1644,PWY-7458
1645,PWY-5956
1646,PWY-7679
1647,PWY-7463
1648,PWY-7256
1649,PWY-6497
1650,PWY-5317
1651,PWY-7861
1652,PWY-5139
1653,PWY-7261
1654,PWY-6808
1655,PWY-7493
1656,PWY-7280
1657,PWY-5846
1658,PWY-6068
1659,PWY-5295
1660,PWY-6920
1661,PWY-7452
1662,PWY-7534
1663,PWY-6585
1664,PWY-7678
1665,PWY-5843
1666,PWY-6950
1667,PWY-7253
1668,PWY-7548
1669,PWY-5826
1670,PWY-7260
1671,PWY-6660
1672,PWY-5318
1673,PWY-7687
1674,PWY-5955
1675,PWY-5286
1676,PWY-6699
1677,PWY-7236
1678,PWY-7574
1679,PWY-6095
1680,PWY-7752
1681,PWY-7464
1682,PWY-5960
1683,PWY-5747
1684,PWY-7252
1685,PWY-7259
1686,PWY-7492
1687,PWY-5979
1688,PWY-6109
1689,PWY-6839
1690,PWY-7533
1691,PWY-7808
1692,PWY-7717
1693,PWY-7652
1694,PWY-7765
1695,PWY-7066
1696,PWY-5759
1697,PWY-5087
1698,PWY-7069
1699,PWY-5766
1700,PWY-3861
1701,PWY-6778
1702,PWY-5828
1703,PWY-5827
1704,PWY-7130
1705,PWY-7087
1706,PWY-7473
1707,PWY-7459
1708,GLUTAMINEFUM-PWY
1709,MALTOSECAT-PWY
1710,PWY-6279
1711,P302-PWY
1712,PWY-7175
1713,PWY-5288
1714,PWY-7077
1715,PWY-6286
1716,PWY-7395
1717,PWY-6510
1718,PWY-6581
1719,PWY-6509
1720,PWY-5506
1721,PWY-7535
1722,PWY-6105
1723,PWY-6966
1724,PWY-6280
1725,PWY-1641
1726,PWY-6288
1727,PWY-6742
1728,PWY-5174
1729,PWY-7623
1730,PWY-5291
1731,PWY-7562
1732,PWY-5305
1733,PWY-6681
1734,PWY-5756
1735,PWY-5398
1736,PWY-5519
1737,PWY-5397
1738,PWY-7347
1739,DARABCAT-PWY
1740,PWY-6422
1741,PWY-7681
1742,PWY-7775
1743,PWY-5643
1744,PWY-5642
1745,PWY-7774
1746,PWY-7475
1747,PWY-6098
1748,PWY-6391
1749,PWY-6390
1750,PWY-6392
1751,PWY-5672
1752,PWY-7465
1753,ARG-GLU-PWY
1754,PWY-2601
1755,ARGDEG-III-PWY
1756,PWY-6050
1757,PWY-6321
1758,PWY-6642
1759,PWY-5742
1760,PWY-7462
1761,PWY-5774
1762,PWY-5260
1763,PWY-6044
1764,PWY-5024
1765,PWY-7072
1766,PWY-6634
1767,PWY-7793
1768,ARGDEG-IV-PWY
1769,PWY-5258
1770,PWY-6043
1771,PWY-6058
1772,PWY-7523
1773,PWY-6593
1774,PWY-6046
1775,PWY-6056
1776,PWY-7474
1777,PWY-6052
1778,PWY-7400
1779,PWY-5154
1780,PWY-6664
1781,PWY-7054
1782,PWY-6053
1783,PWY-6055
1784,PWY-6054
1785,PWY-6047
1786,PWY-6059
1787,PWY-6057
1788,PWY-6131
1789,PWY3O-6
1790,PWY-7852
1791,PWY-7539
1792,PWY-6797
1793,PWY-7853
1794,PWY-4002
1795,TOLUENE-DEG-3-OH-PWY
1796,TOLUENE-DEG-DIOL-PWY
1797,PWY-7700
1798,GLYSYN-THR-PWY
1799,TOLUENE-DEG-2-OH-PWY
1800,TOLUENE-DEG-CATECHOL-PWY
1801,PWY-81
1802,TOLUENE-DEG-4-OH-PWY
1803,PWY-7703
1804,P341-PWY
1805,ANAGLYCOLYSIS-PWY
1806,PWY-7723
1807,PWY-6423
1808,PWY-7798
1809,PWY-7658
1810,PWY-7216
1811,PWY-7832
1812,PWY-7052
1813,PWY-7831
1814,PWY1-3
1815,PWY-7790
1816,PWY-7837
1817,PWY-7426
1818,PWY-6657
1819,PWY-6269
1820,PWY-7435
1821,PWY-5808
1822,PWY-7661
1823,PWY-7791
1824,PWY-7833
1825,PWY-5132
1826,PWY-6401
1827,PWY-1901
1828,PWY-5140
1829,PWY-7857
1830,PWY-7105
1831,PWY-2421
1832,PWY-7842
1833,PWY-5133
1834,PWY-7090
1835,PWY-7478
1836,PWY-7331
1837,PWY-7489
1838,PWY-7334
1839,PWY-7477
1840,P105-PWY
1841,PWY-5660
1842,PWY-7028
1843,PWY-7680
1844,PWY-6645
1845,PWY-6969
1846,PWY-7330
1847,PWY-7482
1848,REDCITCYC
1849,PWY-7572
1850,PWY-7333
1851,PWY-6691
1852,PWY-7070
1853,PWY-5913
1854,PWY-7481
1855,PWY-7517
1856,CYCLOHEXANOL-OXIDATION-PWY
1857,PWY-7721
1858,PWY-6464
1859,PWY-6944
1860,PWY-6659
1861,PWY-7013
1862,PWY-6943
1863,PWY-7336
1864,PWY-7065
1865,PWY-6948
1866,PWY-2981
1867,PWY-7754
1868,PWY-7484
1869,PWY3O-246
1870,PWY-6518
1871,PWY-6388
1872,PWY-7254
1873,PWY-5509
1874,PWY-5508
1875,PWY-5907
1876,PWY-6456
1877,PWY-7729
1878,PWY-7297
1879,PWY-5523
1880,PWY-5482
1881,P101-PWY
1882,PWY-5488
1883,PWY-5487
1884,PWY-5768
1885,PWY-6562
1886,PWY-3722
1887,PWY-6004
1888,P541-PWY
1889,PWY-6426
1890,PWY-6935
1891,PWY-7849
1892,PWY-6933
1893,PWY-7394
1894,PWY-7469
1895,PWY-5636
1896,PWY-6223
1897,PWY-6297
1898,PWY-5703
1899,PWY-7859
1900,PWY-6610
1901,PWY-4942
1902,PWY3O-355
1903,PWY-6994
1904,PWY-5338
1905,PWY-6737
1906,PWY-5855
1907,PWY-6735
1908,PWY-5870
1909,PWY-6412
1910,PWY-6411
1911,PWY-6731
1912,PWY-5873
1913,PWY-3161
1914,TRPIAACAT-PWY
1915,PWY-7233
1916,PWY-5026
1917,PWY-5025
1918,PWY-5857
1919,PWY-5532
1920,PWY-7142
1921,CO2FORM-PWY
1922,PWY-1722
1923,PWY-7230
1924,PWY-7750
1925,PWY3O-19
1926,PWY-5493
1927,PWY-7854
1928,PWY-5856
1929,CODH-PWY
1930,PWY-5789
1931,PWY-7784
1932,PWY-5743
1933,PWY-6157
1934,PWY-6154
1935,PWY-7594
1936,PWY-7621
1937,PWY-7773
1938,PWY-7772
1939,PWY-6636
1940,PWY-6224
1941,PWY-5629
1942,PWY-5630
1943,PWY-5631
1944,PWY-6183
1945,PWY-7838
1946,PWY-5632
1947,PWY-5633
1948,PWY-5679
1949,PWY-6640
1950,PWY-7841
1951,PWY-5737
1952,PWY-5757
1953,PWY-5770
1954,PWY-5776
1955,PWY-7836
1956,PWY-5818
1957,PWY-5887
1958,PWY-5929
1959,PWY-5930
1960,PWY-7840
1961,PWY-5940
1962,PWY-5984
1963,PWY-6003
1964,PWY-6322
1965,PWY-6324
1966,PWY-6345
1967,PWY-6346
1968,PWY-6511
1969,PWY-6679
1970,PWY-6682
1971,PWY-7839
1972,PWY-6720
1973,PWY-6721
1974,PWY-6722
1975,PWY-6915
1976,PWY-6919
1977,PWY-6955
1978,PWY-7015
1979,PWY-7404
1980,PWY-7016
1981,PWY-7018
1982,PWY-7019
1983,PWY-5885
1984,PWY-7025
1985,PWY-7045
1986,PWY-6453
1987,PWY-4722
1988,PWY-7274
1989,CRNFORCAT-PWY
1990,PWY-4741
1991,PWY-7352
1992,PWY-6818
1993,PWY-7354
1994,PWY-7420
1995,PWY-7355
1996,PWY-7666
1997,PWY-7419
1998,PWY-7684
1999,PWY-7441
2000,PWY-7738
2001,PWY-5057
2002,PWY-7483
2003,PWY-7740
2004,PWY-7485
2005,PWY-7741
2006,PWY-7510
2007,PWY-7742
2008,PWY-7547
2009,PWY-7743
2010,PWY-7564
2011,PWY-7744
2012,PWY-7569
2013,PWY-7745
2014,PWY-5662
2015,PWY-7570
2016,PWY-7746
2017,PWY-6685
2018,TREHALOSESYN-PWY
2019,PWY-7626
2020,PWY-7653
2021,PWY-7655
2022,PWY-7659
2023,SOPHOROSYLOXYDOCOSANOATE-SYN-PWY
2024,PWY-2661
2025,PWY-7665
2026,PWY-5665
2027,PWY-7669
2028,PWY-7670
2029,PWY-7671
2030,PWY-881
2031,PWY-7690
2032,PWY-7097
2033,PWY-7693
2034,PWY-7694
2035,PWY-7702
2036,PWY-2622
2037,PWY-7706
2038,PWY-7098
2039,PWY-7716
2040,PWY-7718
2041,PWY-7733
2042,PWY-5985
2043,PWY-7734
2044,PWY-7735
2045,PWY-7737
2046,PWY-5970
2047,PWY-7769
2048,PWY-7770
2049,PWY-2361
2050,PWY-7797
2051,PWY-6429
2052,PWY-301
2053,PWY-5074
2054,PWY-7810
2055,PWY-5983
2056,PWY-7811
2057,PWY-7094
2058,PWY-6791
2059,PWY-7812
2060,PWY-7586
2061,PWY-7821
2062,PWY-5654
2063,PWY-7863
2064,PWYG-321
2065,PWY-6790
2066,PWY-5749
2067,PWY1A0-6325
2068,PWY-7243
2069,PWY-6021
2070,PWY-6917
2071,PWY-7407
2072,P183-PWY
2073,PWY-7405
2074,PWY-842
2075,PWY-6343
2076,PWY-5419
2077,PWY-6373
2078,CATECHOL-ORTHO-CLEAVAGE-PWY
2079,PWY-7310
2080,PWY-6014
2081,PWY-5170
2082,PWY-5726
2083,PWY-5171
2084,PWY-2722
2085,2OXOBUTYRATECAT-PWY
2086,PWY-5727
2087,PWY-3661
2088,PWY-7634
2089,PWY-5367
2090,P141-PWY
2091,PWY-7618
2092,PWY-5731
2093,PWY-5362
2094,PWY-7691
2095,PWY-5361
2096,PWY-2721
2097,PWY-7663
2098,PWY-7858
2099,PWY-6575
2100,PWY-2723
2101,PWY-6650
2102,SUCROSEUTIL2-PWY
2103,PWY-7300
2104,PWY-7410
2105,PWY-5384
2106,PWY-7423
2107,PWY-7654
2108,PWY-7656
2109,PWY-6805
2110,PWY-6788
2111,PWY-6784
2112,PWY-6704
2113,PWY-6960
2114,PWY-5521
2115,PWY-5344
2116,PWY-7165
2117,PWY-6592
2118,PWY-7275
2119,DESULFONATION-PWY
2120,PWY-7648
2121,PWY-7521
2122,PWY-6591
2123,PWY-7649
2124,PWY-6041
2125,PWY-7701
2126,PWY-5165
2127,TOLSULFDEG-PWY
2128,PWY-7803
2129,PWY-6258
2130,PWY-5760
2131,PWY-2961
2132,PWY-7089
2133,PWY-6291
2134,PWY-7093
2135,PWY-6836
2136,PWY-3121
2137,PWY-5950
2138,PWY-6665
2139,PWY-6011
2140,PWY-7712
2141,PWY-7092
2142,PWY-6257
2143,PWY-6002
2144,PWY-7730
2145,ORN-AMINOPENTANOATE-CAT-PWY
2146,PWY-6060
2147,PWY-7091
2148,PWY-6271
2149,PWY-5976
2150,PWY-2921
2151,PWY-5794
2152,PWY-6290
2153,PWY-7439
2154,PWY-6344
2155,PWY-5388
2156,PWY-6669
2157,PWY-1781
2158,PWY-7088
2159,PWY-5773
2160,PWY-7711
2161,PWY-6973
2162,PWY-5990
2163,PWY-6254
2164,PWY-7824
2165,PWY-7714
2166,PWY-3022
2167,PWY-6265
2168,PWY-7095
2169,PWY-6278
2170,PWY-7688
2171,PWY-5425
2172,PWY-5641
2173,PWY-6294
2174,PWY-5733
2175,PWY-5644
2176,PWY-6888
2177,PWY-7104
2178,P421-PWY
2179,PWY-6128
2180,PWY-7668
2181,PWY-7713
2182,PWY-6130
2183,PWY-7667
2184,PWY-6421
2185,PWY-6883
2186,PWY-7541
2187,PWY4FS-17
2188,PWY-7396
2189,PWY-6583
2190,PWY-7318
2191,PWY-7109
2192,PWY-7385
2193,PWY-7415
2194,PWY-6953
2195,PWY-7624
2196,PWY-7289
2197,6-HYDROXYCINEOLE-DEGRADATION-PWY
2198,PWY-7657
2199,PWY-6672
2200,PWY-7108
2201,PWY-7136
2202,PWY-5967
2203,PWY-6670
2204,PWY-7412
2205,PWY-6976
2206,PWY-6413
2207,PWY-7422
2208,PWY-6678
2209,PWY-6971
2210,PWY-7642
2211,PWY-7312
2212,PWY-7640
2213,PWY-7106
2214,PWY-7414
2215,PWY-7421
2216,PWY-7677
2217,PWY-7662
2218,PWY-6942
2219,PWY-6649
2220,PWY-7440
2221,PWY-6974
2222,PWY-7174
2223,PWY-7645
2224,PWY-7814
2225,PWY-6572
2226,PWY-7644
2227,PWY-7651
2228,PWY-7646
2229,PWY-7301
2230,PWY-7316
2231,PWY-7413
2232,PWY-5039
2233,PWY-5040
2234,PWY-5037
2235,PWY-5038
2236,PWY-5375
2237,PWY-5374
2238,PWY-5373
2239,PWY-7804
2240,PWY-7590
2241,PWY-7807
2242,PWY-5368
2243,PWY-7806
2244,PWY-6435
2245,PWY-6431
2246,PWY-3061
2247,PWY-5423
2248,PWY-5813
2249,PWY-5829
2250,PWY-6658
2251,PWY-5835
2252,P164-PWY
2253,PWY-822
2254,PWY-5928
2255,PWY-5497
2256,PWY-6436
2257,PWY-7383
2258,PWY-6437
2259,PWY-6655
2260,PWY-6445
2261,PWY-6447
2262,PWY-6449
2263,PWY-6403
2264,PWY-6451
2265,PWY-7182
2266,PWY-6082
2267,PWY-7443
2268,PWY-6073
2269,PWY-7697
2270,PWY-5109
2271,PWY-6991
2272,PWY-6990
2273,PWY-804
2274,PWY-6989
2275,P601-PWY
2276,P161-PWY
2277,PWY-5536
2278,PWY-6711
2279,P124-PWY
2280,PWY-7285
2281,P163-PWY
2282,PWY-5535
2283,P162-PWY
2284,PWY-7375
2285,PWY-7598
2286,PWY-5411
2287,PWY-5414
2288,PWY-6536
2289,PWY-5118
2290,PWY-6603
2291,PWY-5116
2292,PWY-6013
2293,PWY-5422
2294,PWY-5105
2295,PWY-7641
2296,PWY-6834
2297,PWY-6602
2298,PWY-5094
2299,PWY-5413
2300,PWY-6559
2301,PWY-6588
2302,PWY-5421
2303,PWY-7351
2304,CENTFERM-PWY
2305,PWY-7444
2306,PWY-7111
2307,PWY-5412
2308,PWY-5119
2309,PWY-6015
2310,PWY-6863
2311,PWY-7161
2312,PWY-7212
2313,PWY3O-440
2314,PWY-6010
2315,PWY-6389
2316,PWY-6692
2317,PWY-7189
2318,PWY-7298
2319,PWY-5793
2320,PWY-6024
2321,PWY-7188
2322,PWY-7133
2323,PWY-6996
2324,PWY-7445
2325,PWY-6848
2326,PWY-7119
2327,PWY-7134
2328,PWY-7366
2329,PWY-7367
2330,PWY-7041
2331,PWY-7783
2332,PWY-7172
2333,SOPHOROSYLOXYDOCOSANOATE-DEG-PWY
2334,PWY-7129
2335,PWY-5336
2336,PWY-7192
2337,PWY-7466
2338,PWY-1164
2339,PWY-7143
2340,PWY-5533
2341,PWY-7043
2342,PWY-7151
2343,PWY-5363
2344,PWY-7163
2345,PWY-6970
2346,PWY-7042
2347,PWY-7171
2348,PWY-6631
2349,PWY-7191
2350,PWY-5677
2351,PWY-7495
2352,PWY-5059
2353,PWY-5022
2354,PWY-7150
2355,PWY-5348
2356,PWY-7160
2357,PWY-7168
2358,PWY-5370
2359,PWY-5372
2360,PWY-7173
2361,PWY-7137
2362,PWY-7448
2363,PWY-7157
2364,PWY-7756
2365,PWY-5390
2366,PWY-7755
2367,PWY-7166
2368,PWY-6853
2369,PWY-6854
2370,PWY-5380
2371,PWY-5379
2372,PWY-5054
2373,PWY-6524
2374,PWY-7037
2375,PWY-6116
2376,PWY-7031
2377,PWY-6525
2378,PWY-7114
2379,PWY-6995
2380,PWY-6643
2381,P261-PWY
2382,PWY-6771
2383,PWY-6769
2384,PWY-7377
2385,PWY-6507
2386,PWY-7376
2387,PWY-7794
2388,PWY-6341
2389,PWY-5082
2390,METH-ACETATE-PWY
2391,PWY-6531
2392,PWY-5209
2393,PWY-7786
2394,PWY-5250
2395,RIBITOLUTIL-PWY
2396,METHFORM-PWY
2397,P562-PWY
2398,PWY-6815
2399,PWY-7241
2400,PWY-6986
2401,PWY-7862
2402,PWY-7828
2403,PWY-5248
2404,PWY-7664
2405,PWY-5259
2406,PWY-6813
2407,PWY-7587
2408,PWY-6827
2409,PWY-7787
2410,PWY-7647
2411,PWY-6816
2412,PWY-7789
2413,METHANOGENESIS-PWY
2414,PWY-7788
2415,PWY-7456
2416,PWY-5851
2417,PWY-862
2418,PWY-7255
2419,PWY-7033
2420,PWY-5247
2421,PWY-6822
2422,PWY-7550
2423,PWY-6821
2424,PWY-5853
2425,PWY-7032
2426,PWY-5261
2427,PWY-6817
2428,PWY-6622
2429,PWY-7372
2430,PWY-7442
2431,PWY-6793
2432,PWY-6032
2433,PWY-6262
2434,PWY-7424
2435,PWY-7155
2436,PWY-7588
2437,PWY-6036
2438,PWY-7851
2439,PWY-6075
2440,PWY-7154
2441,PWY-1501
2442,PWY-6028
2443,PWY-7779
2444,PWY-7780
2445,PWY-7776
2446,PWY-5534
2447,PWY-7778
2448,PWY-7777
2449,PWY-6694
2450,PWY-6697
2451,PWY-7027
2452,PWY-6696
2453,PWY-2221
2454,PWY-7026
2455,PWY-6695
2456,NPGLUCAT-PWY
2457,PWY-7035
2458,PWY-6698
2459,PWY-7029
2460,PWY-5302
2461,P203-PWY
2462,PWY-6523
2463,PWY-5001
2464,PWY-7288
2465,PWY-7307
2466,PWY-7339
2467,2ASDEG-PWY
2468,PWY-5002
2469,3-HYDROXYPHENYLACETATE-DEGRADATION-PWY
2470,4-HYDROXYMANDELATE-DEGRADATION-PWY
2471,4TOLCARBDEG-PWY
2472,PWY-7292
2473,M-CRESOL-DEGRADATION-PWY
2474,PWY-7338
2475,METHYLGALLATE-DEGRADATION-PWY
2476,P342-PWY
2477,P343-PWY
2478,PWY-5922
2479,P345-PWY
2480,PWY-5927
2481,PWY-7291
2482,P661-PWY
2483,PWY-7152
2484,PWY-7337
2485,P662-PWY
2486,PWY-7619
2487,PWY-7340
2488,PARATHION-DEGRADATION-PWY
2489,PWY-142
2490,PWY-7728
2491,PWY-6598
2492,PWY-481
2493,PWY-7595
2494,PWY-7726
2495,PWY-5163
2496,PWY-7725
2497,PWY-5169
2498,PWY-5353
2499,PWY-5450
2500,PWY-7583
2501,PWY-5489
2502,PWY-5490
2503,PWY-6184
2504,PWY-6185
2505,PWY-6210
2506,PWY-6789
2507,PWY-6340
2508,PWY-6532
2509,PWY-6533
2510,PWY-6550
2511,PWY-5429
2512,PWY-6781
2513,PWY-681
2514,PWY-6941
2515,PWY-5428
2516,PWY-5750
2517,PWY-7002
2518,PWY-5782
2519,PWY-7006
2520,PWY-7008
2521,PWY-7009
2522,PWY-7010
2523,PWY-7011
2524,PWY-7081
2525,PWY-721
