index,EC#
0,EC-1
1,EC-1.1
2,EC-1.1.1
3,EC-1.1.1.1
4,EC-1.1.1.10
5,EC-1.1.1.100
6,EC-1.1.1.101
7,EC-1.1.1.102
8,EC-1.1.1.103
9,EC-1.1.1.105
10,EC-1.1.1.107
11,EC-1.1.1.108
12,EC-1.1.1.11
13,EC-1.1.1.110
14,EC-1.1.1.111
15,EC-1.1.1.116
16,EC-1.1.1.117
17,EC-1.1.1.119
18,EC-1.1.1.12
19,EC-1.1.1.126
20,EC-1.1.1.127
21,EC-1.1.1.130
22,EC-1.1.1.132
23,EC-1.1.1.133
24,EC-1.1.1.135
25,EC-1.1.1.136
26,EC-1.1.1.14
27,EC-1.1.1.140
28,EC-1.1.1.142
29,EC-1.1.1.143
30,EC-1.1.1.144
31,EC-1.1.1.145
32,EC-1.1.1.153
33,EC-1.1.1.159
34,EC-1.1.1.16
35,EC-1.1.1.168
36,EC-1.1.1.169
37,EC-1.1.1.17
38,EC-1.1.1.170
39,EC-1.1.1.173
40,EC-1.1.1.176
41,EC-1.1.1.178
42,EC-1.1.1.179
43,EC-1.1.1.18
44,EC-1.1.1.181
45,EC-1.1.1.183
46,EC-1.1.1.187
47,EC-1.1.1.19
48,EC-1.1.1.190
49,EC-1.1.1.193
50,EC-1.1.1.194
51,EC-1.1.1.195
52,EC-1.1.1.198
53,EC-1.1.1.2
54,EC-1.1.1.200
55,EC-1.1.1.201
56,EC-1.1.1.202
57,EC-1.1.1.203
58,EC-1.1.1.205
59,EC-1.1.1.206
60,EC-1.1.1.207
61,EC-1.1.1.208
62,EC-1.1.1.209
63,EC-1.1.1.21
64,EC-1.1.1.211
65,EC-1.1.1.213
66,EC-1.1.1.214
67,EC-1.1.1.216
68,EC-1.1.1.218
69,EC-1.1.1.219
70,EC-1.1.1.22
71,EC-1.1.1.220
72,EC-1.1.1.222
73,EC-1.1.1.223
74,EC-1.1.1.224
75,EC-1.1.1.227
76,EC-1.1.1.234
77,EC-1.1.1.236
78,EC-1.1.1.237
79,EC-1.1.1.238
80,EC-1.1.1.24
81,EC-1.1.1.241
82,EC-1.1.1.243
83,EC-1.1.1.244
84,EC-1.1.1.245
85,EC-1.1.1.247
86,EC-1.1.1.248
87,EC-1.1.1.25
88,EC-1.1.1.251
89,EC-1.1.1.254
90,EC-1.1.1.255
91,EC-1.1.1.256
92,EC-1.1.1.257
93,EC-1.1.1.258
94,EC-1.1.1.259
95,EC-1.1.1.26
96,EC-1.1.1.261
97,EC-1.1.1.264
98,EC-1.1.1.266
99,EC-1.1.1.267
100,EC-1.1.1.268
101,EC-1.1.1.269
102,EC-1.1.1.27
103,EC-1.1.1.270
104,EC-1.1.1.271
105,EC-1.1.1.273
106,EC-1.1.1.274
107,EC-1.1.1.275
108,EC-1.1.1.278
109,EC-1.1.1.28
110,EC-1.1.1.281
111,EC-1.1.1.282
112,EC-1.1.1.283
113,EC-1.1.1.284
114,EC-1.1.1.285
115,EC-1.1.1.286
116,EC-1.1.1.288
117,EC-1.1.1.29
118,EC-1.1.1.290
119,EC-1.1.1.291
120,EC-1.1.1.292
121,EC-1.1.1.294
122,EC-1.1.1.295
123,EC-1.1.1.296
124,EC-1.1.1.297
125,EC-1.1.1.298
126,EC-1.1.1.3
127,EC-1.1.1.30
128,EC-1.1.1.300
129,EC-1.1.1.302
130,EC-1.1.1.303
131,EC-1.1.1.304
132,EC-1.1.1.305
133,EC-1.1.1.306
134,EC-1.1.1.308
135,EC-1.1.1.309
136,EC-1.1.1.31
137,EC-1.1.1.310
138,EC-1.1.1.311
139,EC-1.1.1.312
140,EC-1.1.1.313
141,EC-1.1.1.315
142,EC-1.1.1.316
143,EC-1.1.1.318
144,EC-1.1.1.319
145,EC-1.1.1.324
146,EC-1.1.1.325
147,EC-1.1.1.326
148,EC-1.1.1.327
149,EC-1.1.1.328
150,EC-1.1.1.329
151,EC-1.1.1.330
152,EC-1.1.1.332
153,EC-1.1.1.333
154,EC-1.1.1.334
155,EC-1.1.1.335
156,EC-1.1.1.336
157,EC-1.1.1.337
158,EC-1.1.1.338
159,EC-1.1.1.34
160,EC-1.1.1.340
161,EC-1.1.1.341
162,EC-1.1.1.342
163,EC-1.1.1.343
164,EC-1.1.1.345
165,EC-1.1.1.346
166,EC-1.1.1.347
167,EC-1.1.1.348
168,EC-1.1.1.349
169,EC-1.1.1.35
170,EC-1.1.1.351
171,EC-1.1.1.352
172,EC-1.1.1.353
173,EC-1.1.1.356
174,EC-1.1.1.357
175,EC-1.1.1.358
176,EC-1.1.1.359
177,EC-1.1.1.36
178,EC-1.1.1.360
179,EC-1.1.1.361
180,EC-1.1.1.362
181,EC-1.1.1.364
182,EC-1.1.1.365
183,EC-1.1.1.366
184,EC-1.1.1.368
185,EC-1.1.1.37
186,EC-1.1.1.372
187,EC-1.1.1.373
188,EC-1.1.1.376
189,EC-1.1.1.378
190,EC-1.1.1.38
191,EC-1.1.1.380
192,EC-1.1.1.383
193,EC-1.1.1.384
194,EC-1.1.1.385
195,EC-1.1.1.389
196,EC-1.1.1.39
197,EC-1.1.1.390
198,EC-1.1.1.391
199,EC-1.1.1.392
200,EC-1.1.1.393
201,EC-1.1.1.395
202,EC-1.1.1.396
203,EC-1.1.1.397
204,EC-1.1.1.399
205,EC-1.1.1.4
206,EC-1.1.1.40
207,EC-1.1.1.400
208,EC-1.1.1.401
209,EC-1.1.1.402
210,EC-1.1.1.403
211,EC-1.1.1.404
212,EC-1.1.1.405
213,EC-1.1.1.407
214,EC-1.1.1.41
215,EC-1.1.1.42
216,EC-1.1.1.43
217,EC-1.1.1.44
218,EC-1.1.1.45
219,EC-1.1.1.48
220,EC-1.1.1.49
221,EC-1.1.1.50
222,EC-1.1.1.51
223,EC-1.1.1.52
224,EC-1.1.1.54
225,EC-1.1.1.56
226,EC-1.1.1.57
227,EC-1.1.1.58
228,EC-1.1.1.59
229,EC-1.1.1.6
230,EC-1.1.1.60
231,EC-1.1.1.61
232,EC-1.1.1.62
233,EC-1.1.1.64
234,EC-1.1.1.65
235,EC-1.1.1.67
236,EC-1.1.1.69
237,EC-1.1.1.75
238,EC-1.1.1.76
239,EC-1.1.1.77
240,EC-1.1.1.78
241,EC-1.1.1.8
242,EC-1.1.1.80
243,EC-1.1.1.81
244,EC-1.1.1.82
245,EC-1.1.1.83
246,EC-1.1.1.85
247,EC-1.1.1.86
248,EC-1.1.1.87
249,EC-1.1.1.88
250,EC-1.1.1.9
251,EC-1.1.1.90
252,EC-1.1.1.94
253,EC-1.1.1.95
254,EC-1.1.1.97
255,EC-1.1.1.M1
256,EC-1.1.1.M10
257,EC-1.1.1.M11
258,EC-1.1.1.M19
259,EC-1.1.1.M22
260,EC-1.1.1.M23
261,EC-1.1.1.M26
262,EC-1.1.1.M28
263,EC-1.1.1.M29
264,EC-1.1.1.M31
265,EC-1.1.1.M32
266,EC-1.1.1.M33
267,EC-1.1.1.M5
268,EC-1.1.1.M8
269,EC-1.1.1.M9
270,EC-1.1.1.co
271,EC-1.1.2.3
272,EC-1.1.2.4
273,EC-1.1.2.6
274,EC-1.1.2.7
275,EC-1.1.2.9
276,EC-1.1.3
277,EC-1.1.3.12
278,EC-1.1.3.13
279,EC-1.1.3.15
280,EC-1.1.3.16
281,EC-1.1.3.20
282,EC-1.1.3.37
283,EC-1.1.3.43
284,EC-1.1.3.44
285,EC-1.1.3.45
286,EC-1.1.3.48
287,EC-1.1.3.6
288,EC-1.1.5
289,EC-1.1.5.11
290,EC-1.1.5.12
291,EC-1.1.5.2
292,EC-1.1.5.3
293,EC-1.1.5.4
294,EC-1.1.5.5
295,EC-1.1.5.6
296,EC-1.1.5.8
297,EC-1.1.7
298,EC-1.1.98.3
299,EC-1.1.98.5
300,EC-1.1.98.6
301,EC-1.1.99
302,EC-1.1.99.1
303,EC-1.1.99.13
304,EC-1.1.99.14
305,EC-1.1.99.21
306,EC-1.1.99.28
307,EC-1.1.99.3
308,EC-1.1.99.31
309,EC-1.1.99.32
310,EC-1.1.99.37
311,EC-1.1.99.38
312,EC-1.1.99.4
313,EC-1.1.99.M1
314,EC-1.1.99.M2
315,EC-1.1.99.M3
316,EC-1.10.2.2
317,EC-1.10.3
318,EC-1.10.3.1
319,EC-1.10.3.10
320,EC-1.10.3.11
321,EC-1.10.3.14
322,EC-1.10.3.15
323,EC-1.10.3.16
324,EC-1.10.3.2
325,EC-1.10.3.4
326,EC-1.10.3.9
327,EC-1.10.9.1
328,EC-1.11.1
329,EC-1.11.1.11
330,EC-1.11.1.12
331,EC-1.11.1.13
332,EC-1.11.1.16
333,EC-1.11.1.17
334,EC-1.11.1.21
335,EC-1.11.1.23
336,EC-1.11.1.6
337,EC-1.11.1.7
338,EC-1.11.1.8
339,EC-1.11.1.9
340,EC-1.11.2
341,EC-1.11.2.3
342,EC-1.11.2.5
343,EC-1.12.1.2
344,EC-1.12.1.3
345,EC-1.12.1.4
346,EC-1.12.7.2
347,EC-1.12.98.2
348,EC-1.12.98.3
349,EC-1.12.98.4
350,EC-1.12.99.6
351,EC-1.13.11
352,EC-1.13.11.1
353,EC-1.13.11.11
354,EC-1.13.11.12
355,EC-1.13.11.14
356,EC-1.13.11.15
357,EC-1.13.11.16
358,EC-1.13.11.17
359,EC-1.13.11.19
360,EC-1.13.11.2
361,EC-1.13.11.20
362,EC-1.13.11.24
363,EC-1.13.11.25
364,EC-1.13.11.27
365,EC-1.13.11.29
366,EC-1.13.11.3
367,EC-1.13.11.30
368,EC-1.13.11.34
369,EC-1.13.11.35
370,EC-1.13.11.37
371,EC-1.13.11.39
372,EC-1.13.11.4
373,EC-1.13.11.49
374,EC-1.13.11.5
375,EC-1.13.11.51
376,EC-1.13.11.52
377,EC-1.13.11.53
378,EC-1.13.11.54
379,EC-1.13.11.55
380,EC-1.13.11.56
381,EC-1.13.11.57
382,EC-1.13.11.58
383,EC-1.13.11.59
384,EC-1.13.11.6
385,EC-1.13.11.63
386,EC-1.13.11.65
387,EC-1.13.11.66
388,EC-1.13.11.68
389,EC-1.13.11.69
390,EC-1.13.11.70
391,EC-1.13.11.71
392,EC-1.13.11.72
393,EC-1.13.11.74
394,EC-1.13.11.76
395,EC-1.13.11.78
396,EC-1.13.11.79
397,EC-1.13.11.8
398,EC-1.13.11.9
399,EC-1.13.11.M3
400,EC-1.13.11.M5
401,EC-1.13.11.M6
402,EC-1.13.12
403,EC-1.13.12.1
404,EC-1.13.12.16
405,EC-1.13.12.17
406,EC-1.13.12.19
407,EC-1.13.12.2
408,EC-1.13.12.20
409,EC-1.13.12.21
410,EC-1.13.12.3
411,EC-1.13.99
412,EC-1.13.99.1
413,EC-1.14.11
414,EC-1.14.11.1
415,EC-1.14.11.11
416,EC-1.14.11.12
417,EC-1.14.11.13
418,EC-1.14.11.14
419,EC-1.14.11.15
420,EC-1.14.11.17
421,EC-1.14.11.19
422,EC-1.14.11.20
423,EC-1.14.11.21
424,EC-1.14.11.22
425,EC-1.14.11.23
426,EC-1.14.11.24
427,EC-1.14.11.25
428,EC-1.14.11.26
429,EC-1.14.11.31
430,EC-1.14.11.32
431,EC-1.14.11.34
432,EC-1.14.11.35
433,EC-1.14.11.38
434,EC-1.14.11.41
435,EC-1.14.11.46
436,EC-1.14.11.50
437,EC-1.14.11.52
438,EC-1.14.11.8
439,EC-1.14.11.9
440,EC-1.14.11.M1
441,EC-1.14.11.M2
442,EC-1.14.11.M8
443,EC-1.14.11.M9
444,EC-1.14.12
445,EC-1.14.12.1
446,EC-1.14.12.10
447,EC-1.14.12.11
448,EC-1.14.12.12
449,EC-1.14.12.13
450,EC-1.14.12.14
451,EC-1.14.12.15
452,EC-1.14.12.16
453,EC-1.14.12.18
454,EC-1.14.12.19
455,EC-1.14.12.22
456,EC-1.14.12.23
457,EC-1.14.12.24
458,EC-1.14.12.25
459,EC-1.14.12.3
460,EC-1.14.12.4
461,EC-1.14.12.8
462,EC-1.14.12.M3
463,EC-1.14.13
464,EC-1.14.13.1
465,EC-1.14.13.10
466,EC-1.14.13.101
467,EC-1.14.13.102
468,EC-1.14.13.103
469,EC-1.14.13.104
470,EC-1.14.13.105
471,EC-1.14.13.107
472,EC-1.14.13.108
473,EC-1.14.13.11
474,EC-1.14.13.110
475,EC-1.14.13.111
476,EC-1.14.13.112
477,EC-1.14.13.113
478,EC-1.14.13.114
479,EC-1.14.13.116
480,EC-1.14.13.120
481,EC-1.14.13.123
482,EC-1.14.13.127
483,EC-1.14.13.128
484,EC-1.14.13.129
485,EC-1.14.13.131
486,EC-1.14.13.134
487,EC-1.14.13.136
488,EC-1.14.13.137
489,EC-1.14.13.138
490,EC-1.14.13.139
491,EC-1.14.13.14
492,EC-1.14.13.140
493,EC-1.14.13.142
494,EC-1.14.13.143
495,EC-1.14.13.144
496,EC-1.14.13.145
497,EC-1.14.13.146
498,EC-1.14.13.147
499,EC-1.14.13.148
500,EC-1.14.13.149
501,EC-1.14.13.150
502,EC-1.14.13.152
503,EC-1.14.13.154
504,EC-1.14.13.160
505,EC-1.14.13.162
506,EC-1.14.13.163
507,EC-1.14.13.166
508,EC-1.14.13.167
509,EC-1.14.13.168
510,EC-1.14.13.170
511,EC-1.14.13.171
512,EC-1.14.13.172
513,EC-1.14.13.174
514,EC-1.14.13.175
515,EC-1.14.13.176
516,EC-1.14.13.177
517,EC-1.14.13.178
518,EC-1.14.13.179
519,EC-1.14.13.180
520,EC-1.14.13.181
521,EC-1.14.13.182
522,EC-1.14.13.183
523,EC-1.14.13.184
524,EC-1.14.13.185
525,EC-1.14.13.186
526,EC-1.14.13.188
527,EC-1.14.13.190
528,EC-1.14.13.191
529,EC-1.14.13.192
530,EC-1.14.13.193
531,EC-1.14.13.195
532,EC-1.14.13.198
533,EC-1.14.13.2
534,EC-1.14.13.20
535,EC-1.14.13.200
536,EC-1.14.13.201
537,EC-1.14.13.202
538,EC-1.14.13.203
539,EC-1.14.13.204
540,EC-1.14.13.205
541,EC-1.14.13.206
542,EC-1.14.13.208
543,EC-1.14.13.209
544,EC-1.14.13.21
545,EC-1.14.13.210
546,EC-1.14.13.212
547,EC-1.14.13.213
548,EC-1.14.13.214
549,EC-1.14.13.216
550,EC-1.14.13.217
551,EC-1.14.13.218
552,EC-1.14.13.219
553,EC-1.14.13.22
554,EC-1.14.13.220
555,EC-1.14.13.224
556,EC-1.14.13.226
557,EC-1.14.13.227
558,EC-1.14.13.228
559,EC-1.14.13.229
560,EC-1.14.13.23
561,EC-1.14.13.230
562,EC-1.14.13.231
563,EC-1.14.13.232
564,EC-1.14.13.233
565,EC-1.14.13.234
566,EC-1.14.13.24
567,EC-1.14.13.25
568,EC-1.14.13.28
569,EC-1.14.13.29
570,EC-1.14.13.30
571,EC-1.14.13.31
572,EC-1.14.13.36
573,EC-1.14.13.37
574,EC-1.14.13.38
575,EC-1.14.13.39
576,EC-1.14.13.40
577,EC-1.14.13.43
578,EC-1.14.13.44
579,EC-1.14.13.47
580,EC-1.14.13.48
581,EC-1.14.13.49
582,EC-1.14.13.50
583,EC-1.14.13.51
584,EC-1.14.13.52
585,EC-1.14.13.53
586,EC-1.14.13.55
587,EC-1.14.13.56
588,EC-1.14.13.57
589,EC-1.14.13.59
590,EC-1.14.13.6
591,EC-1.14.13.69
592,EC-1.14.13.7
593,EC-1.14.13.70
594,EC-1.14.13.71
595,EC-1.14.13.73
596,EC-1.14.13.74
597,EC-1.14.13.75
598,EC-1.14.13.76
599,EC-1.14.13.77
600,EC-1.14.13.8
601,EC-1.14.13.80
602,EC-1.14.13.82
603,EC-1.14.13.83
604,EC-1.14.13.84
605,EC-1.14.13.85
606,EC-1.14.13.86
607,EC-1.14.13.87
608,EC-1.14.13.88
609,EC-1.14.13.89
610,EC-1.14.13.9
611,EC-1.14.13.91
612,EC-1.14.13.93
613,EC-1.14.13.M11
614,EC-1.14.13.M16
615,EC-1.14.13.M17
616,EC-1.14.13.M31
617,EC-1.14.13.M36
618,EC-1.14.13.M4
619,EC-1.14.13.M46
620,EC-1.14.13.M51
621,EC-1.14.13.M55
622,EC-1.14.13.M56
623,EC-1.14.13.M57
624,EC-1.14.13.dv
625,EC-1.14.13.dw
626,EC-1.14.13.dx
627,EC-1.14.13.dy
628,EC-1.14.13.dz
629,EC-1.14.14
630,EC-1.14.14.1
631,EC-1.14.14.10
632,EC-1.14.14.11
633,EC-1.14.14.12
634,EC-1.14.14.13
635,EC-1.14.14.17
636,EC-1.14.14.18
637,EC-1.14.14.19
638,EC-1.14.14.22
639,EC-1.14.14.23
640,EC-1.14.14.24
641,EC-1.14.14.27
642,EC-1.14.14.3
643,EC-1.14.14.31
644,EC-1.14.14.32
645,EC-1.14.14.34
646,EC-1.14.14.35
647,EC-1.14.14.42
648,EC-1.14.14.5
649,EC-1.14.14.8
650,EC-1.14.14.9
651,EC-1.14.14.au
652,EC-1.14.14.aw
653,EC-1.14.15
654,EC-1.14.15.1
655,EC-1.14.15.11
656,EC-1.14.15.13
657,EC-1.14.15.18
658,EC-1.14.15.20
659,EC-1.14.15.3
660,EC-1.14.15.4
661,EC-1.14.15.5
662,EC-1.14.15.7
663,EC-1.14.15.9
664,EC-1.14.15.M3
665,EC-1.14.15.M5
666,EC-1.14.15.M6
667,EC-1.14.15.M7
668,EC-1.14.16.1
669,EC-1.14.16.2
670,EC-1.14.16.4
671,EC-1.14.17
672,EC-1.14.17.1
673,EC-1.14.17.4
674,EC-1.14.18
675,EC-1.14.18.1
676,EC-1.14.18.2
677,EC-1.14.18.3
678,EC-1.14.18.4
679,EC-1.14.18.5
680,EC-1.14.18.6
681,EC-1.14.18.7
682,EC-1.14.18.8
683,EC-1.14.19
684,EC-1.14.19.1
685,EC-1.14.19.10
686,EC-1.14.19.11
687,EC-1.14.19.12
688,EC-1.14.19.13
689,EC-1.14.19.14
690,EC-1.14.19.15
691,EC-1.14.19.16
692,EC-1.14.19.17
693,EC-1.14.19.2
694,EC-1.14.19.20
695,EC-1.14.19.21
696,EC-1.14.19.22
697,EC-1.14.19.23
698,EC-1.14.19.24
699,EC-1.14.19.25
700,EC-1.14.19.26
701,EC-1.14.19.27
702,EC-1.14.19.28
703,EC-1.14.19.29
704,EC-1.14.19.3
705,EC-1.14.19.30
706,EC-1.14.19.31
707,EC-1.14.19.33
708,EC-1.14.19.34
709,EC-1.14.19.35
710,EC-1.14.19.36
711,EC-1.14.19.37
712,EC-1.14.19.38
713,EC-1.14.19.39
714,EC-1.14.19.4
715,EC-1.14.19.40
716,EC-1.14.19.41
717,EC-1.14.19.42
718,EC-1.14.19.43
719,EC-1.14.19.44
720,EC-1.14.19.45
721,EC-1.14.19.46
722,EC-1.14.19.47
723,EC-1.14.19.49
724,EC-1.14.19.5
725,EC-1.14.19.50
726,EC-1.14.19.6
727,EC-1.14.19.8
728,EC-1.14.19.9
729,EC-1.14.19.M9
730,EC-1.14.19.au
731,EC-1.14.20.1
732,EC-1.14.20.2
733,EC-1.14.20.3
734,EC-1.14.21
735,EC-1.14.21.1
736,EC-1.14.21.10
737,EC-1.14.21.11
738,EC-1.14.21.12
739,EC-1.14.21.2
740,EC-1.14.21.3
741,EC-1.14.21.4
742,EC-1.14.21.5
743,EC-1.14.21.7
744,EC-1.14.21.8
745,EC-1.14.21.9
746,EC-1.14.99
747,EC-1.14.99.1
748,EC-1.14.99.22
749,EC-1.14.99.29
750,EC-1.14.99.35
751,EC-1.14.99.37
752,EC-1.14.99.39
753,EC-1.14.99.42
754,EC-1.14.99.43
755,EC-1.14.99.44
756,EC-1.14.99.45
757,EC-1.14.99.46
758,EC-1.14.99.48
759,EC-1.14.99.50
760,EC-1.14.99.51
761,EC-1.14.99.53
762,EC-1.14.99.M4
763,EC-1.14.99.t
764,EC-1.14.99.u
765,EC-1.15.1.1
766,EC-1.16.1.1
767,EC-1.16.1.7
768,EC-1.16.8.1
769,EC-1.16.9.1
770,EC-1.17.1
771,EC-1.17.1.1
772,EC-1.17.1.3
773,EC-1.17.1.4
774,EC-1.17.1.5
775,EC-1.17.1.8
776,EC-1.17.2.1
777,EC-1.17.3
778,EC-1.17.3.2
779,EC-1.17.3.3
780,EC-1.17.3.4
781,EC-1.17.4.1
782,EC-1.17.5.1
783,EC-1.17.5.2
784,EC-1.17.7.1
785,EC-1.17.7.2
786,EC-1.17.7.3
787,EC-1.17.7.4
788,EC-1.17.8.1
789,EC-1.17.98.2
790,EC-1.17.99
791,EC-1.17.99.2
792,EC-1.17.99.4
793,EC-1.17.99.6
794,EC-1.18.1.1
795,EC-1.18.1.2
796,EC-1.18.1.6
797,EC-1.18.6.1
798,EC-1.19.6.1
799,EC-1.2
800,EC-1.2.1
801,EC-1.2.1.10
802,EC-1.2.1.11
803,EC-1.2.1.12
804,EC-1.2.1.13
805,EC-1.2.1.16
806,EC-1.2.1.17
807,EC-1.2.1.18
808,EC-1.2.1.19
809,EC-1.2.1.2
810,EC-1.2.1.20
811,EC-1.2.1.21
812,EC-1.2.1.22
813,EC-1.2.1.23
814,EC-1.2.1.24
815,EC-1.2.1.25
816,EC-1.2.1.26
817,EC-1.2.1.27
818,EC-1.2.1.28
819,EC-1.2.1.29
820,EC-1.2.1.3
821,EC-1.2.1.31
822,EC-1.2.1.32
823,EC-1.2.1.36
824,EC-1.2.1.38
825,EC-1.2.1.39
826,EC-1.2.1.4
827,EC-1.2.1.41
828,EC-1.2.1.43
829,EC-1.2.1.44
830,EC-1.2.1.46
831,EC-1.2.1.47
832,EC-1.2.1.49
833,EC-1.2.1.5
834,EC-1.2.1.50
835,EC-1.2.1.51
836,EC-1.2.1.53
837,EC-1.2.1.54
838,EC-1.2.1.57
839,EC-1.2.1.60
840,EC-1.2.1.61
841,EC-1.2.1.62
842,EC-1.2.1.63
843,EC-1.2.1.64
844,EC-1.2.1.65
845,EC-1.2.1.67
846,EC-1.2.1.68
847,EC-1.2.1.69
848,EC-1.2.1.7
849,EC-1.2.1.70
850,EC-1.2.1.71
851,EC-1.2.1.72
852,EC-1.2.1.73
853,EC-1.2.1.74
854,EC-1.2.1.75
855,EC-1.2.1.76
856,EC-1.2.1.77
857,EC-1.2.1.79
858,EC-1.2.1.8
859,EC-1.2.1.80
860,EC-1.2.1.81
861,EC-1.2.1.82
862,EC-1.2.1.83
863,EC-1.2.1.84
864,EC-1.2.1.85
865,EC-1.2.1.86
866,EC-1.2.1.87
867,EC-1.2.1.88
868,EC-1.2.1.9
869,EC-1.2.1.91
870,EC-1.2.1.92
871,EC-1.2.1.94
872,EC-1.2.1.96
873,EC-1.2.1.97
874,EC-1.2.1.98
875,EC-1.2.1.M4
876,EC-1.2.1.M5
877,EC-1.2.1.ae
878,EC-1.2.3
879,EC-1.2.3.13
880,EC-1.2.3.14
881,EC-1.2.3.4
882,EC-1.2.3.7
883,EC-1.2.4.1
884,EC-1.2.4.2
885,EC-1.2.4.4
886,EC-1.2.5.1
887,EC-1.2.5.3
888,EC-1.2.7
889,EC-1.2.7.1
890,EC-1.2.7.10
891,EC-1.2.7.3
892,EC-1.2.7.4
893,EC-1.2.7.6
894,EC-1.2.98
895,EC-1.2.99
896,EC-1.2.99.5
897,EC-1.2.99.8
898,EC-1.20.2.1
899,EC-1.20.4.1
900,EC-1.20.4.2
901,EC-1.20.4.3
902,EC-1.20.9.1
903,EC-1.20.99.1
904,EC-1.21.21
905,EC-1.21.3
906,EC-1.21.3.1
907,EC-1.21.3.3
908,EC-1.21.3.4
909,EC-1.21.3.5
910,EC-1.21.3.6
911,EC-1.21.3.7
912,EC-1.21.3.8
913,EC-1.21.4
914,EC-1.21.4.2
915,EC-1.21.4.M1
916,EC-1.21.98.1
917,EC-1.21.98.2
918,EC-1.21.99.1
919,EC-1.21.99.3
920,EC-1.21.99.4
921,EC-1.21.99.5
922,EC-1.21.99.M1
923,EC-1.21.99.M2
924,EC-1.21.99.M4
925,EC-1.23.1.1
926,EC-1.23.1.2
927,EC-1.23.1.3
928,EC-1.23.1.4
929,EC-1.3
930,EC-1.3.1
931,EC-1.3.1.10
932,EC-1.3.1.100
933,EC-1.3.1.103
934,EC-1.3.1.104
935,EC-1.3.1.105
936,EC-1.3.1.106
937,EC-1.3.1.107
938,EC-1.3.1.12
939,EC-1.3.1.14
940,EC-1.3.1.19
941,EC-1.3.1.2
942,EC-1.3.1.22
943,EC-1.3.1.24
944,EC-1.3.1.25
945,EC-1.3.1.27
946,EC-1.3.1.28
947,EC-1.3.1.29
948,EC-1.3.1.3
949,EC-1.3.1.32
950,EC-1.3.1.33
951,EC-1.3.1.34
952,EC-1.3.1.36
953,EC-1.3.1.38
954,EC-1.3.1.39
955,EC-1.3.1.42
956,EC-1.3.1.43
957,EC-1.3.1.44
958,EC-1.3.1.45
959,EC-1.3.1.51
960,EC-1.3.1.53
961,EC-1.3.1.54
962,EC-1.3.1.56
963,EC-1.3.1.57
964,EC-1.3.1.58
965,EC-1.3.1.62
966,EC-1.3.1.65
967,EC-1.3.1.70
968,EC-1.3.1.71
969,EC-1.3.1.73
970,EC-1.3.1.75
971,EC-1.3.1.76
972,EC-1.3.1.77
973,EC-1.3.1.78
974,EC-1.3.1.81
975,EC-1.3.1.82
976,EC-1.3.1.84
977,EC-1.3.1.85
978,EC-1.3.1.87
979,EC-1.3.1.9
980,EC-1.3.1.92
981,EC-1.3.1.93
982,EC-1.3.1.94
983,EC-1.3.1.95
984,EC-1.3.1.96
985,EC-1.3.1.97
986,EC-1.3.1.98
987,EC-1.3.1.M11
988,EC-1.3.1.M12
989,EC-1.3.1.M3
990,EC-1.3.1.M4
991,EC-1.3.1.M6
992,EC-1.3.1.M7
993,EC-1.3.1.M8
994,EC-1.3.1.aa
995,EC-1.3.2
996,EC-1.3.2.3
997,EC-1.3.3
998,EC-1.3.3.11
999,EC-1.3.3.14
1000,EC-1.3.3.15
1001,EC-1.3.3.3
1002,EC-1.3.3.4
1003,EC-1.3.3.6
1004,EC-1.3.3.8
1005,EC-1.3.3.9
1006,EC-1.3.3.M3
1007,EC-1.3.5.1
1008,EC-1.3.5.2
1009,EC-1.3.5.3
1010,EC-1.3.5.4
1011,EC-1.3.7
1012,EC-1.3.7.1
1013,EC-1.3.7.11
1014,EC-1.3.7.12
1015,EC-1.3.7.13
1016,EC-1.3.7.14
1017,EC-1.3.7.15
1018,EC-1.3.7.2
1019,EC-1.3.7.3
1020,EC-1.3.7.4
1021,EC-1.3.7.5
1022,EC-1.3.7.6
1023,EC-1.3.7.7
1024,EC-1.3.7.8
1025,EC-1.3.7.9
1026,EC-1.3.8
1027,EC-1.3.8.1
1028,EC-1.3.8.10
1029,EC-1.3.8.11
1030,EC-1.3.8.12
1031,EC-1.3.8.13
1032,EC-1.3.8.3
1033,EC-1.3.8.4
1034,EC-1.3.8.5
1035,EC-1.3.8.7
1036,EC-1.3.8.8
1037,EC-1.3.8.9
1038,EC-1.3.8.M1
1039,EC-1.3.98
1040,EC-1.3.98.1
1041,EC-1.3.98.3
1042,EC-1.3.98.4
1043,EC-1.3.98.M2
1044,EC-1.3.99
1045,EC-1.3.99.17
1046,EC-1.3.99.25
1047,EC-1.3.99.27
1048,EC-1.3.99.30
1049,EC-1.3.99.38
1050,EC-1.3.99.4
1051,EC-1.3.99.5
1052,EC-1.3.99.8
1053,EC-1.4.1
1054,EC-1.4.1.1
1055,EC-1.4.1.11
1056,EC-1.4.1.12
1057,EC-1.4.1.13
1058,EC-1.4.1.14
1059,EC-1.4.1.16
1060,EC-1.4.1.2
1061,EC-1.4.1.24
1062,EC-1.4.1.25
1063,EC-1.4.1.3
1064,EC-1.4.1.4
1065,EC-1.4.3
1066,EC-1.4.3.10
1067,EC-1.4.3.14
1068,EC-1.4.3.16
1069,EC-1.4.3.19
1070,EC-1.4.3.21
1071,EC-1.4.3.22
1072,EC-1.4.3.23
1073,EC-1.4.3.24
1074,EC-1.4.3.25
1075,EC-1.4.3.3
1076,EC-1.4.3.4
1077,EC-1.4.3.5
1078,EC-1.4.3.M1
1079,EC-1.4.3.M3
1080,EC-1.4.4.2
1081,EC-1.4.5
1082,EC-1.4.7.1
1083,EC-1.4.9.1
1084,EC-1.4.99
1085,EC-1.4.99.2
1086,EC-1.5
1087,EC-1.5.1
1088,EC-1.5.1.1
1089,EC-1.5.1.10
1090,EC-1.5.1.11
1091,EC-1.5.1.15
1092,EC-1.5.1.17
1093,EC-1.5.1.2
1094,EC-1.5.1.20
1095,EC-1.5.1.22
1096,EC-1.5.1.23
1097,EC-1.5.1.26
1098,EC-1.5.1.3
1099,EC-1.5.1.32
1100,EC-1.5.1.34
1101,EC-1.5.1.38
1102,EC-1.5.1.39
1103,EC-1.5.1.42
1104,EC-1.5.1.43
1105,EC-1.5.1.44
1106,EC-1.5.1.46
1107,EC-1.5.1.49
1108,EC-1.5.1.5
1109,EC-1.5.1.50
1110,EC-1.5.1.7
1111,EC-1.5.1.8
1112,EC-1.5.1.9
1113,EC-1.5.3
1114,EC-1.5.3.1
1115,EC-1.5.3.12
1116,EC-1.5.3.13
1117,EC-1.5.3.14
1118,EC-1.5.3.16
1119,EC-1.5.3.17
1120,EC-1.5.3.19
1121,EC-1.5.3.21
1122,EC-1.5.3.23
1123,EC-1.5.3.7
1124,EC-1.5.4.1
1125,EC-1.5.5
1126,EC-1.5.5.2
1127,EC-1.5.7.1
1128,EC-1.5.8
1129,EC-1.5.8.3
1130,EC-1.5.8.4
1131,EC-1.5.98
1132,EC-1.5.98.1
1133,EC-1.5.98.2
1134,EC-1.5.99
1135,EC-1.5.99.14
1136,EC-1.5.99.15
1137,EC-1.5.99.4
1138,EC-1.5.99.5
1139,EC-1.6.1.1
1140,EC-1.6.1.2
1141,EC-1.6.1.3
1142,EC-1.6.1.5
1143,EC-1.6.5
1144,EC-1.6.5.12
1145,EC-1.6.5.3
1146,EC-1.6.5.4
1147,EC-1.6.5.6
1148,EC-1.6.5.7
1149,EC-1.6.5.9
1150,EC-1.6.6
1151,EC-1.7.1
1152,EC-1.7.1.1
1153,EC-1.7.1.10
1154,EC-1.7.1.13
1155,EC-1.7.1.3
1156,EC-1.7.1.4
1157,EC-1.7.2
1158,EC-1.7.2.1
1159,EC-1.7.2.2
1160,EC-1.7.2.3
1161,EC-1.7.2.4
1162,EC-1.7.2.5
1163,EC-1.7.2.6
1164,EC-1.7.2.7
1165,EC-1.7.2.8
1166,EC-1.7.3.1
1167,EC-1.7.3.3
1168,EC-1.7.5.1
1169,EC-1.7.5.2
1170,EC-1.7.7.1
1171,EC-1.7.7.2
1172,EC-1.7.99
1173,EC-1.8.1
1174,EC-1.8.1.15
1175,EC-1.8.1.16
1176,EC-1.8.1.17
1177,EC-1.8.1.2
1178,EC-1.8.1.3
1179,EC-1.8.1.4
1180,EC-1.8.1.5
1181,EC-1.8.1.7
1182,EC-1.8.1.9
1183,EC-1.8.2.1
1184,EC-1.8.2.3
1185,EC-1.8.2.4
1186,EC-1.8.2.5
1187,EC-1.8.3
1188,EC-1.8.3.1
1189,EC-1.8.3.2
1190,EC-1.8.3.4
1191,EC-1.8.3.6
1192,EC-1.8.3.M1
1193,EC-1.8.4
1194,EC-1.8.4.10
1195,EC-1.8.4.9
1196,EC-1.8.5.1
1197,EC-1.8.5.2
1198,EC-1.8.5.3
1199,EC-1.8.5.4
1200,EC-1.8.5.5
1201,EC-1.8.5.6
1202,EC-1.8.5.7
1203,EC-1.8.5.M1
1204,EC-1.8.7.1
1205,EC-1.8.7.M1
1206,EC-1.8.98.1
1207,EC-1.8.99
1208,EC-1.8.99.2
1209,EC-1.8.99.5
1210,EC-1.9.3.1
1211,EC-1.9.6.1
1212,EC-1.97.1
1213,EC-1.97.1.1
1214,EC-1.97.1.12
1215,EC-1.97.1.2
1216,EC-2
1217,EC-2.1.1
1218,EC-2.1.1.10
1219,EC-2.1.1.101
1220,EC-2.1.1.102
1221,EC-2.1.1.103
1222,EC-2.1.1.104
1223,EC-2.1.1.108
1224,EC-2.1.1.109
1225,EC-2.1.1.11
1226,EC-2.1.1.110
1227,EC-2.1.1.111
1228,EC-2.1.1.114
1229,EC-2.1.1.116
1230,EC-2.1.1.117
1231,EC-2.1.1.118
1232,EC-2.1.1.119
1233,EC-2.1.1.12
1234,EC-2.1.1.120
1235,EC-2.1.1.121
1236,EC-2.1.1.122
1237,EC-2.1.1.128
1238,EC-2.1.1.129
1239,EC-2.1.1.13
1240,EC-2.1.1.130
1241,EC-2.1.1.131
1242,EC-2.1.1.133
1243,EC-2.1.1.137
1244,EC-2.1.1.139
1245,EC-2.1.1.14
1246,EC-2.1.1.140
1247,EC-2.1.1.142
1248,EC-2.1.1.146
1249,EC-2.1.1.148
1250,EC-2.1.1.150
1251,EC-2.1.1.151
1252,EC-2.1.1.152
1253,EC-2.1.1.153
1254,EC-2.1.1.154
1255,EC-2.1.1.155
1256,EC-2.1.1.158
1257,EC-2.1.1.159
1258,EC-2.1.1.160
1259,EC-2.1.1.161
1260,EC-2.1.1.163
1261,EC-2.1.1.164
1262,EC-2.1.1.165
1263,EC-2.1.1.17
1264,EC-2.1.1.19
1265,EC-2.1.1.195
1266,EC-2.1.1.196
1267,EC-2.1.1.197
1268,EC-2.1.1.2
1269,EC-2.1.1.20
1270,EC-2.1.1.201
1271,EC-2.1.1.202
1272,EC-2.1.1.203
1273,EC-2.1.1.205
1274,EC-2.1.1.21
1275,EC-2.1.1.210
1276,EC-2.1.1.211
1277,EC-2.1.1.212
1278,EC-2.1.1.214
1279,EC-2.1.1.216
1280,EC-2.1.1.220
1281,EC-2.1.1.222
1282,EC-2.1.1.224
1283,EC-2.1.1.225
1284,EC-2.1.1.228
1285,EC-2.1.1.229
1286,EC-2.1.1.231
1287,EC-2.1.1.232
1288,EC-2.1.1.234
1289,EC-2.1.1.235
1290,EC-2.1.1.236
1291,EC-2.1.1.237
1292,EC-2.1.1.238
1293,EC-2.1.1.239
1294,EC-2.1.1.241
1295,EC-2.1.1.243
1296,EC-2.1.1.245
1297,EC-2.1.1.246
1298,EC-2.1.1.247
1299,EC-2.1.1.248
1300,EC-2.1.1.249
1301,EC-2.1.1.250
1302,EC-2.1.1.251
1303,EC-2.1.1.252
1304,EC-2.1.1.253
1305,EC-2.1.1.254
1306,EC-2.1.1.255
1307,EC-2.1.1.258
1308,EC-2.1.1.261
1309,EC-2.1.1.267
1310,EC-2.1.1.269
1311,EC-2.1.1.270
1312,EC-2.1.1.271
1313,EC-2.1.1.273
1314,EC-2.1.1.274
1315,EC-2.1.1.275
1316,EC-2.1.1.276
1317,EC-2.1.1.278
1318,EC-2.1.1.279
1319,EC-2.1.1.28
1320,EC-2.1.1.280
1321,EC-2.1.1.282
1322,EC-2.1.1.283
1323,EC-2.1.1.288
1324,EC-2.1.1.289
1325,EC-2.1.1.291
1326,EC-2.1.1.292
1327,EC-2.1.1.293
1328,EC-2.1.1.295
1329,EC-2.1.1.304
1330,EC-2.1.1.305
1331,EC-2.1.1.306
1332,EC-2.1.1.307
1333,EC-2.1.1.308
1334,EC-2.1.1.314
1335,EC-2.1.1.315
1336,EC-2.1.1.323
1337,EC-2.1.1.325
1338,EC-2.1.1.326
1339,EC-2.1.1.327
1340,EC-2.1.1.328
1341,EC-2.1.1.329
1342,EC-2.1.1.330
1343,EC-2.1.1.331
1344,EC-2.1.1.332
1345,EC-2.1.1.333
1346,EC-2.1.1.334
1347,EC-2.1.1.335
1348,EC-2.1.1.336
1349,EC-2.1.1.337
1350,EC-2.1.1.338
1351,EC-2.1.1.38
1352,EC-2.1.1.4
1353,EC-2.1.1.41
1354,EC-2.1.1.42
1355,EC-2.1.1.44
1356,EC-2.1.1.45
1357,EC-2.1.1.46
1358,EC-2.1.1.47
1359,EC-2.1.1.49
1360,EC-2.1.1.5
1361,EC-2.1.1.50
1362,EC-2.1.1.53
1363,EC-2.1.1.56
1364,EC-2.1.1.6
1365,EC-2.1.1.64
1366,EC-2.1.1.65
1367,EC-2.1.1.68
1368,EC-2.1.1.69
1369,EC-2.1.1.7
1370,EC-2.1.1.71
1371,EC-2.1.1.75
1372,EC-2.1.1.76
1373,EC-2.1.1.79
1374,EC-2.1.1.8
1375,EC-2.1.1.82
1376,EC-2.1.1.83
1377,EC-2.1.1.84
1378,EC-2.1.1.86
1379,EC-2.1.1.88
1380,EC-2.1.1.89
1381,EC-2.1.1.9
1382,EC-2.1.1.90
1383,EC-2.1.1.94
1384,EC-2.1.1.95
1385,EC-2.1.1.98
1386,EC-2.1.1.99
1387,EC-2.1.1.M10
1388,EC-2.1.1.M12
1389,EC-2.1.1.M13
1390,EC-2.1.1.M14
1391,EC-2.1.1.M15
1392,EC-2.1.1.M16
1393,EC-2.1.1.M17
1394,EC-2.1.1.M19
1395,EC-2.1.1.M22
1396,EC-2.1.1.M26
1397,EC-2.1.1.M31
1398,EC-2.1.1.M39
1399,EC-2.1.1.M5
1400,EC-2.1.1.M6
1401,EC-2.1.1.M8
1402,EC-2.1.1.M9
1403,EC-2.1.1.ge
1404,EC-2.1.1.gf
1405,EC-2.1.2
1406,EC-2.1.2.1
1407,EC-2.1.2.10
1408,EC-2.1.2.11
1409,EC-2.1.2.13
1410,EC-2.1.2.2
1411,EC-2.1.2.3
1412,EC-2.1.2.4
1413,EC-2.1.2.5
1414,EC-2.1.3
1415,EC-2.1.3.1
1416,EC-2.1.3.10
1417,EC-2.1.3.2
1418,EC-2.1.3.3
1419,EC-2.1.3.7
1420,EC-2.1.3.9
1421,EC-2.1.3.d
1422,EC-2.1.4.1
1423,EC-2.1.4.2
1424,EC-2.10.1.1
1425,EC-2.2.1
1426,EC-2.2.1.1
1427,EC-2.2.1.10
1428,EC-2.2.1.11
1429,EC-2.2.1.12
1430,EC-2.2.1.2
1431,EC-2.2.1.3
1432,EC-2.2.1.6
1433,EC-2.2.1.7
1434,EC-2.2.1.8
1435,EC-2.2.1.9
1436,EC-2.3
1437,EC-2.3.1
1438,EC-2.3.1.1
1439,EC-2.3.1.101
1440,EC-2.3.1.102
1441,EC-2.3.1.103
1442,EC-2.3.1.107
1443,EC-2.3.1.109
1444,EC-2.3.1.110
1445,EC-2.3.1.111
1446,EC-2.3.1.115
1447,EC-2.3.1.117
1448,EC-2.3.1.12
1449,EC-2.3.1.122
1450,EC-2.3.1.129
1451,EC-2.3.1.131
1452,EC-2.3.1.132
1453,EC-2.3.1.133
1454,EC-2.3.1.135
1455,EC-2.3.1.14
1456,EC-2.3.1.140
1457,EC-2.3.1.143
1458,EC-2.3.1.144
1459,EC-2.3.1.145
1460,EC-2.3.1.146
1461,EC-2.3.1.15
1462,EC-2.3.1.150
1463,EC-2.3.1.151
1464,EC-2.3.1.153
1465,EC-2.3.1.155
1466,EC-2.3.1.156
1467,EC-2.3.1.157
1468,EC-2.3.1.158
1469,EC-2.3.1.159
1470,EC-2.3.1.16
1471,EC-2.3.1.160
1472,EC-2.3.1.161
1473,EC-2.3.1.162
1474,EC-2.3.1.164
1475,EC-2.3.1.165
1476,EC-2.3.1.166
1477,EC-2.3.1.167
1478,EC-2.3.1.168
1479,EC-2.3.1.169
1480,EC-2.3.1.170
1481,EC-2.3.1.171
1482,EC-2.3.1.172
1483,EC-2.3.1.173
1484,EC-2.3.1.174
1485,EC-2.3.1.175
1486,EC-2.3.1.176
1487,EC-2.3.1.177
1488,EC-2.3.1.178
1489,EC-2.3.1.179
1490,EC-2.3.1.180
1491,EC-2.3.1.181
1492,EC-2.3.1.182
1493,EC-2.3.1.183
1494,EC-2.3.1.184
1495,EC-2.3.1.185
1496,EC-2.3.1.187
1497,EC-2.3.1.188
1498,EC-2.3.1.189
1499,EC-2.3.1.19
1500,EC-2.3.1.190
1501,EC-2.3.1.191
1502,EC-2.3.1.192
1503,EC-2.3.1.195
1504,EC-2.3.1.196
1505,EC-2.3.1.197
1506,EC-2.3.1.199
1507,EC-2.3.1.20
1508,EC-2.3.1.200
1509,EC-2.3.1.201
1510,EC-2.3.1.202
1511,EC-2.3.1.203
1512,EC-2.3.1.204
1513,EC-2.3.1.205
1514,EC-2.3.1.207
1515,EC-2.3.1.208
1516,EC-2.3.1.209
1517,EC-2.3.1.21
1518,EC-2.3.1.210
1519,EC-2.3.1.212
1520,EC-2.3.1.213
1521,EC-2.3.1.214
1522,EC-2.3.1.215
1523,EC-2.3.1.216
1524,EC-2.3.1.218
1525,EC-2.3.1.22
1526,EC-2.3.1.220
1527,EC-2.3.1.221
1528,EC-2.3.1.222
1529,EC-2.3.1.223
1530,EC-2.3.1.224
1531,EC-2.3.1.226
1532,EC-2.3.1.23
1533,EC-2.3.1.233
1534,EC-2.3.1.234
1535,EC-2.3.1.238
1536,EC-2.3.1.239
1537,EC-2.3.1.24
1538,EC-2.3.1.240
1539,EC-2.3.1.241
1540,EC-2.3.1.243
1541,EC-2.3.1.244
1542,EC-2.3.1.245
1543,EC-2.3.1.247
1544,EC-2.3.1.252
1545,EC-2.3.1.254
1546,EC-2.3.1.255
1547,EC-2.3.1.256
1548,EC-2.3.1.258
1549,EC-2.3.1.26
1550,EC-2.3.1.260
1551,EC-2.3.1.261
1552,EC-2.3.1.263
1553,EC-2.3.1.29
1554,EC-2.3.1.30
1555,EC-2.3.1.31
1556,EC-2.3.1.35
1557,EC-2.3.1.37
1558,EC-2.3.1.38
1559,EC-2.3.1.39
1560,EC-2.3.1.4
1561,EC-2.3.1.41
1562,EC-2.3.1.42
1563,EC-2.3.1.46
1564,EC-2.3.1.47
1565,EC-2.3.1.49
1566,EC-2.3.1.50
1567,EC-2.3.1.51
1568,EC-2.3.1.54
1569,EC-2.3.1.57
1570,EC-2.3.1.61
1571,EC-2.3.1.64
1572,EC-2.3.1.65
1573,EC-2.3.1.72
1574,EC-2.3.1.74
1575,EC-2.3.1.75
1576,EC-2.3.1.8
1577,EC-2.3.1.80
1578,EC-2.3.1.84
1579,EC-2.3.1.85
1580,EC-2.3.1.86
1581,EC-2.3.1.87
1582,EC-2.3.1.89
1583,EC-2.3.1.9
1584,EC-2.3.1.90
1585,EC-2.3.1.91
1586,EC-2.3.1.92
1587,EC-2.3.1.93
1588,EC-2.3.1.94
1589,EC-2.3.1.95
1590,EC-2.3.1.98
1591,EC-2.3.1.M1
1592,EC-2.3.1.M10
1593,EC-2.3.1.M11
1594,EC-2.3.1.M12
1595,EC-2.3.1.M13
1596,EC-2.3.1.M14
1597,EC-2.3.1.M15
1598,EC-2.3.1.M17
1599,EC-2.3.1.M2
1600,EC-2.3.1.M28
1601,EC-2.3.1.M29
1602,EC-2.3.1.M3
1603,EC-2.3.1.M31
1604,EC-2.3.1.M32
1605,EC-2.3.1.M33
1606,EC-2.3.1.M34
1607,EC-2.3.1.M35
1608,EC-2.3.1.M4
1609,EC-2.3.1.M7
1610,EC-2.3.1.M9
1611,EC-2.3.2
1612,EC-2.3.2.10
1613,EC-2.3.2.15
1614,EC-2.3.2.16
1615,EC-2.3.2.17
1616,EC-2.3.2.18
1617,EC-2.3.2.19
1618,EC-2.3.2.2
1619,EC-2.3.2.21
1620,EC-2.3.2.22
1621,EC-2.3.2.23
1622,EC-2.3.2.24
1623,EC-2.3.2.26
1624,EC-2.3.2.27
1625,EC-2.3.2.29
1626,EC-2.3.2.6
1627,EC-2.3.2.8
1628,EC-2.3.3
1629,EC-2.3.3.1
1630,EC-2.3.3.10
1631,EC-2.3.3.13
1632,EC-2.3.3.14
1633,EC-2.3.3.15
1634,EC-2.3.3.16
1635,EC-2.3.3.17
1636,EC-2.3.3.18
1637,EC-2.3.3.5
1638,EC-2.3.3.7
1639,EC-2.3.3.8
1640,EC-2.3.3.9
1641,EC-2.3.3.d
1642,EC-2.4
1643,EC-2.4.1
1644,EC-2.4.1.1
1645,EC-2.4.1.10
1646,EC-2.4.1.100
1647,EC-2.4.1.101
1648,EC-2.4.1.102
1649,EC-2.4.1.104
1650,EC-2.4.1.105
1651,EC-2.4.1.106
1652,EC-2.4.1.11
1653,EC-2.4.1.111
1654,EC-2.4.1.114
1655,EC-2.4.1.115
1656,EC-2.4.1.116
1657,EC-2.4.1.117
1658,EC-2.4.1.12
1659,EC-2.4.1.120
1660,EC-2.4.1.121
1661,EC-2.4.1.122
1662,EC-2.4.1.123
1663,EC-2.4.1.126
1664,EC-2.4.1.129
1665,EC-2.4.1.13
1666,EC-2.4.1.131
1667,EC-2.4.1.132
1668,EC-2.4.1.133
1669,EC-2.4.1.134
1670,EC-2.4.1.135
1671,EC-2.4.1.136
1672,EC-2.4.1.14
1673,EC-2.4.1.141
1674,EC-2.4.1.142
1675,EC-2.4.1.143
1676,EC-2.4.1.144
1677,EC-2.4.1.145
1678,EC-2.4.1.146
1679,EC-2.4.1.147
1680,EC-2.4.1.148
1681,EC-2.4.1.149
1682,EC-2.4.1.15
1683,EC-2.4.1.150
1684,EC-2.4.1.152
1685,EC-2.4.1.153
1686,EC-2.4.1.155
1687,EC-2.4.1.156
1688,EC-2.4.1.159
1689,EC-2.4.1.166
1690,EC-2.4.1.168
1691,EC-2.4.1.17
1692,EC-2.4.1.170
1693,EC-2.4.1.172
1694,EC-2.4.1.174
1695,EC-2.4.1.175
1696,EC-2.4.1.177
1697,EC-2.4.1.178
1698,EC-2.4.1.18
1699,EC-2.4.1.182
1700,EC-2.4.1.184
1701,EC-2.4.1.185
1702,EC-2.4.1.186
1703,EC-2.4.1.187
1704,EC-2.4.1.189
1705,EC-2.4.1.19
1706,EC-2.4.1.190
1707,EC-2.4.1.191
1708,EC-2.4.1.195
1709,EC-2.4.1.196
1710,EC-2.4.1.201
1711,EC-2.4.1.202
1712,EC-2.4.1.203
1713,EC-2.4.1.206
1714,EC-2.4.1.208
1715,EC-2.4.1.21
1716,EC-2.4.1.215
1717,EC-2.4.1.216
1718,EC-2.4.1.217
1719,EC-2.4.1.219
1720,EC-2.4.1.220
1721,EC-2.4.1.223
1722,EC-2.4.1.224
1723,EC-2.4.1.225
1724,EC-2.4.1.226
1725,EC-2.4.1.228
1726,EC-2.4.1.230
1727,EC-2.4.1.231
1728,EC-2.4.1.234
1729,EC-2.4.1.236
1730,EC-2.4.1.237
1731,EC-2.4.1.238
1732,EC-2.4.1.239
1733,EC-2.4.1.240
1734,EC-2.4.1.241
1735,EC-2.4.1.242
1736,EC-2.4.1.245
1737,EC-2.4.1.246
1738,EC-2.4.1.25
1739,EC-2.4.1.250
1740,EC-2.4.1.251
1741,EC-2.4.1.252
1742,EC-2.4.1.253
1743,EC-2.4.1.255
1744,EC-2.4.1.256
1745,EC-2.4.1.257
1746,EC-2.4.1.258
1747,EC-2.4.1.259
1748,EC-2.4.1.260
1749,EC-2.4.1.261
1750,EC-2.4.1.262
1751,EC-2.4.1.263
1752,EC-2.4.1.264
1753,EC-2.4.1.265
1754,EC-2.4.1.266
1755,EC-2.4.1.267
1756,EC-2.4.1.268
1757,EC-2.4.1.269
1758,EC-2.4.1.270
1759,EC-2.4.1.271
1760,EC-2.4.1.272
1761,EC-2.4.1.273
1762,EC-2.4.1.274
1763,EC-2.4.1.275
1764,EC-2.4.1.276
1765,EC-2.4.1.277
1766,EC-2.4.1.278
1767,EC-2.4.1.280
1768,EC-2.4.1.281
1769,EC-2.4.1.283
1770,EC-2.4.1.285
1771,EC-2.4.1.286
1772,EC-2.4.1.288
1773,EC-2.4.1.289
1774,EC-2.4.1.290
1775,EC-2.4.1.291
1776,EC-2.4.1.292
1777,EC-2.4.1.293
1778,EC-2.4.1.294
1779,EC-2.4.1.295
1780,EC-2.4.1.298
1781,EC-2.4.1.299
1782,EC-2.4.1.300
1783,EC-2.4.1.306
1784,EC-2.4.1.308
1785,EC-2.4.1.309
1786,EC-2.4.1.31
1787,EC-2.4.1.314
1788,EC-2.4.1.315
1789,EC-2.4.1.316
1790,EC-2.4.1.317
1791,EC-2.4.1.318
1792,EC-2.4.1.319
1793,EC-2.4.1.320
1794,EC-2.4.1.323
1795,EC-2.4.1.326
1796,EC-2.4.1.327
1797,EC-2.4.1.328
1798,EC-2.4.1.33
1799,EC-2.4.1.330
1800,EC-2.4.1.331
1801,EC-2.4.1.335
1802,EC-2.4.1.336
1803,EC-2.4.1.337
1804,EC-2.4.1.338
1805,EC-2.4.1.34
1806,EC-2.4.1.344
1807,EC-2.4.1.35
1808,EC-2.4.1.36
1809,EC-2.4.1.37
1810,EC-2.4.1.38
1811,EC-2.4.1.40
1812,EC-2.4.1.41
1813,EC-2.4.1.43
1814,EC-2.4.1.44
1815,EC-2.4.1.46
1816,EC-2.4.1.47
1817,EC-2.4.1.52
1818,EC-2.4.1.53
1819,EC-2.4.1.58
1820,EC-2.4.1.62
1821,EC-2.4.1.63
1822,EC-2.4.1.64
1823,EC-2.4.1.65
1824,EC-2.4.1.67
1825,EC-2.4.1.69
1826,EC-2.4.1.7
1827,EC-2.4.1.70
1828,EC-2.4.1.73
1829,EC-2.4.1.79
1830,EC-2.4.1.8
1831,EC-2.4.1.80
1832,EC-2.4.1.81
1833,EC-2.4.1.82
1834,EC-2.4.1.83
1835,EC-2.4.1.85
1836,EC-2.4.1.86
1837,EC-2.4.1.88
1838,EC-2.4.1.91
1839,EC-2.4.1.92
1840,EC-2.4.1.99
1841,EC-2.4.1.M12
1842,EC-2.4.1.M14
1843,EC-2.4.1.M15
1844,EC-2.4.1.M16
1845,EC-2.4.1.M2
1846,EC-2.4.1.M3
1847,EC-2.4.1.M4
1848,EC-2.4.1.M5
1849,EC-2.4.1.M6
1850,EC-2.4.2
1851,EC-2.4.2.1
1852,EC-2.4.2.10
1853,EC-2.4.2.12
1854,EC-2.4.2.14
1855,EC-2.4.2.15
1856,EC-2.4.2.17
1857,EC-2.4.2.18
1858,EC-2.4.2.19
1859,EC-2.4.2.2
1860,EC-2.4.2.21
1861,EC-2.4.2.22
1862,EC-2.4.2.24
1863,EC-2.4.2.25
1864,EC-2.4.2.26
1865,EC-2.4.2.27
1866,EC-2.4.2.28
1867,EC-2.4.2.29
1868,EC-2.4.2.3
1869,EC-2.4.2.34
1870,EC-2.4.2.39
1871,EC-2.4.2.4
1872,EC-2.4.2.41
1873,EC-2.4.2.43
1874,EC-2.4.2.44
1875,EC-2.4.2.45
1876,EC-2.4.2.46
1877,EC-2.4.2.47
1878,EC-2.4.2.48
1879,EC-2.4.2.49
1880,EC-2.4.2.50
1881,EC-2.4.2.51
1882,EC-2.4.2.52
1883,EC-2.4.2.53
1884,EC-2.4.2.54
1885,EC-2.4.2.57
1886,EC-2.4.2.7
1887,EC-2.4.2.8
1888,EC-2.4.2.9
1889,EC-2.4.99
1890,EC-2.4.99.1
1891,EC-2.4.99.12
1892,EC-2.4.99.13
1893,EC-2.4.99.17
1894,EC-2.4.99.18
1895,EC-2.4.99.19
1896,EC-2.4.99.2
1897,EC-2.4.99.21
1898,EC-2.4.99.4
1899,EC-2.4.99.6
1900,EC-2.4.99.8
1901,EC-2.4.99.9
1902,EC-2.5.1
1903,EC-2.5.1.1
1904,EC-2.5.1.10
1905,EC-2.5.1.100
1906,EC-2.5.1.101
1907,EC-2.5.1.102
1908,EC-2.5.1.103
1909,EC-2.5.1.104
1910,EC-2.5.1.105
1911,EC-2.5.1.106
1912,EC-2.5.1.107
1913,EC-2.5.1.108
1914,EC-2.5.1.109
1915,EC-2.5.1.110
1916,EC-2.5.1.111
1917,EC-2.5.1.112
1918,EC-2.5.1.113
1919,EC-2.5.1.114
1920,EC-2.5.1.115
1921,EC-2.5.1.116
1922,EC-2.5.1.117
1923,EC-2.5.1.120
1924,EC-2.5.1.130
1925,EC-2.5.1.131
1926,EC-2.5.1.132
1927,EC-2.5.1.133
1928,EC-2.5.1.135
1929,EC-2.5.1.136
1930,EC-2.5.1.137
1931,EC-2.5.1.139
1932,EC-2.5.1.15
1933,EC-2.5.1.16
1934,EC-2.5.1.17
1935,EC-2.5.1.18
1936,EC-2.5.1.19
1937,EC-2.5.1.20
1938,EC-2.5.1.21
1939,EC-2.5.1.22
1940,EC-2.5.1.26
1941,EC-2.5.1.27
1942,EC-2.5.1.28
1943,EC-2.5.1.29
1944,EC-2.5.1.3
1945,EC-2.5.1.30
1946,EC-2.5.1.31
1947,EC-2.5.1.34
1948,EC-2.5.1.36
1949,EC-2.5.1.38
1950,EC-2.5.1.39
1951,EC-2.5.1.41
1952,EC-2.5.1.42
1953,EC-2.5.1.43
1954,EC-2.5.1.45
1955,EC-2.5.1.47
1956,EC-2.5.1.48
1957,EC-2.5.1.49
1958,EC-2.5.1.50
1959,EC-2.5.1.51
1960,EC-2.5.1.52
1961,EC-2.5.1.53
1962,EC-2.5.1.54
1963,EC-2.5.1.55
1964,EC-2.5.1.56
1965,EC-2.5.1.57
1966,EC-2.5.1.6
1967,EC-2.5.1.61
1968,EC-2.5.1.62
1969,EC-2.5.1.63
1970,EC-2.5.1.66
1971,EC-2.5.1.67
1972,EC-2.5.1.68
1973,EC-2.5.1.7
1974,EC-2.5.1.70
1975,EC-2.5.1.71
1976,EC-2.5.1.72
1977,EC-2.5.1.73
1978,EC-2.5.1.74
1979,EC-2.5.1.75
1980,EC-2.5.1.76
1981,EC-2.5.1.77
1982,EC-2.5.1.78
1983,EC-2.5.1.81
1984,EC-2.5.1.83
1985,EC-2.5.1.84
1986,EC-2.5.1.85
1987,EC-2.5.1.86
1988,EC-2.5.1.87
1989,EC-2.5.1.9
1990,EC-2.5.1.90
1991,EC-2.5.1.91
1992,EC-2.5.1.92
1993,EC-2.5.1.93
1994,EC-2.5.1.94
1995,EC-2.5.1.95
1996,EC-2.5.1.97
1997,EC-2.5.1.M1
1998,EC-2.5.1.bl
1999,EC-2.5.1.br
2000,EC-2.6.1
2001,EC-2.6.1.1
2002,EC-2.6.1.100
2003,EC-2.6.1.101
2004,EC-2.6.1.102
2005,EC-2.6.1.104
2006,EC-2.6.1.105
2007,EC-2.6.1.106
2008,EC-2.6.1.108
2009,EC-2.6.1.109
2010,EC-2.6.1.11
2011,EC-2.6.1.110
2012,EC-2.6.1.13
2013,EC-2.6.1.14
2014,EC-2.6.1.16
2015,EC-2.6.1.17
2016,EC-2.6.1.18
2017,EC-2.6.1.19
2018,EC-2.6.1.2
2019,EC-2.6.1.22
2020,EC-2.6.1.23
2021,EC-2.6.1.27
2022,EC-2.6.1.28
2023,EC-2.6.1.3
2024,EC-2.6.1.30
2025,EC-2.6.1.33
2026,EC-2.6.1.34
2027,EC-2.6.1.36
2028,EC-2.6.1.37
2029,EC-2.6.1.38
2030,EC-2.6.1.39
2031,EC-2.6.1.4
2032,EC-2.6.1.42
2033,EC-2.6.1.44
2034,EC-2.6.1.45
2035,EC-2.6.1.48
2036,EC-2.6.1.49
2037,EC-2.6.1.5
2038,EC-2.6.1.50
2039,EC-2.6.1.52
2040,EC-2.6.1.55
2041,EC-2.6.1.56
2042,EC-2.6.1.57
2043,EC-2.6.1.58
2044,EC-2.6.1.59
2045,EC-2.6.1.6
2046,EC-2.6.1.62
2047,EC-2.6.1.66
2048,EC-2.6.1.71
2049,EC-2.6.1.76
2050,EC-2.6.1.77
2051,EC-2.6.1.79
2052,EC-2.6.1.8
2053,EC-2.6.1.80
2054,EC-2.6.1.81
2055,EC-2.6.1.82
2056,EC-2.6.1.83
2057,EC-2.6.1.84
2058,EC-2.6.1.85
2059,EC-2.6.1.86
2060,EC-2.6.1.87
2061,EC-2.6.1.88
2062,EC-2.6.1.89
2063,EC-2.6.1.9
2064,EC-2.6.1.90
2065,EC-2.6.1.92
2066,EC-2.6.1.93
2067,EC-2.6.1.95
2068,EC-2.6.1.96
2069,EC-2.6.1.97
2070,EC-2.6.1.98
2071,EC-2.6.1.99
2072,EC-2.6.1.M1
2073,EC-2.6.1.M2
2074,EC-2.6.1.M4
2075,EC-2.6.1.ac
2076,EC-2.6.99
2077,EC-2.6.99.2
2078,EC-2.6.99.3
2079,EC-2.7.1
2080,EC-2.7.1.1
2081,EC-2.7.1.100
2082,EC-2.7.1.101
2083,EC-2.7.1.105
2084,EC-2.7.1.107
2085,EC-2.7.1.108
2086,EC-2.7.1.11
2087,EC-2.7.1.113
2088,EC-2.7.1.12
2089,EC-2.7.1.121
2090,EC-2.7.1.127
2091,EC-2.7.1.13
2092,EC-2.7.1.130
2093,EC-2.7.1.134
2094,EC-2.7.1.137
2095,EC-2.7.1.138
2096,EC-2.7.1.140
2097,EC-2.7.1.144
2098,EC-2.7.1.145
2099,EC-2.7.1.146
2100,EC-2.7.1.147
2101,EC-2.7.1.148
2102,EC-2.7.1.149
2103,EC-2.7.1.15
2104,EC-2.7.1.150
2105,EC-2.7.1.151
2106,EC-2.7.1.153
2107,EC-2.7.1.154
2108,EC-2.7.1.156
2109,EC-2.7.1.158
2110,EC-2.7.1.159
2111,EC-2.7.1.16
2112,EC-2.7.1.160
2113,EC-2.7.1.161
2114,EC-2.7.1.164
2115,EC-2.7.1.165
2116,EC-2.7.1.166
2117,EC-2.7.1.167
2118,EC-2.7.1.168
2119,EC-2.7.1.169
2120,EC-2.7.1.17
2121,EC-2.7.1.170
2122,EC-2.7.1.173
2123,EC-2.7.1.174
2124,EC-2.7.1.177
2125,EC-2.7.1.178
2126,EC-2.7.1.179
2127,EC-2.7.1.182
2128,EC-2.7.1.184
2129,EC-2.7.1.185
2130,EC-2.7.1.186
2131,EC-2.7.1.189
2132,EC-2.7.1.19
2133,EC-2.7.1.2
2134,EC-2.7.1.20
2135,EC-2.7.1.200
2136,EC-2.7.1.203
2137,EC-2.7.1.209
2138,EC-2.7.1.21
2139,EC-2.7.1.210
2140,EC-2.7.1.211
2141,EC-2.7.1.212
2142,EC-2.7.1.213
2143,EC-2.7.1.214
2144,EC-2.7.1.215
2145,EC-2.7.1.216
2146,EC-2.7.1.22
2147,EC-2.7.1.23
2148,EC-2.7.1.24
2149,EC-2.7.1.25
2150,EC-2.7.1.26
2151,EC-2.7.1.28
2152,EC-2.7.1.29
2153,EC-2.7.1.3
2154,EC-2.7.1.30
2155,EC-2.7.1.31
2156,EC-2.7.1.32
2157,EC-2.7.1.33
2158,EC-2.7.1.35
2159,EC-2.7.1.36
2160,EC-2.7.1.39
2161,EC-2.7.1.4
2162,EC-2.7.1.40
2163,EC-2.7.1.43
2164,EC-2.7.1.44
2165,EC-2.7.1.45
2166,EC-2.7.1.46
2167,EC-2.7.1.47
2168,EC-2.7.1.48
2169,EC-2.7.1.49
2170,EC-2.7.1.5
2171,EC-2.7.1.50
2172,EC-2.7.1.51
2173,EC-2.7.1.52
2174,EC-2.7.1.53
2175,EC-2.7.1.55
2176,EC-2.7.1.56
2177,EC-2.7.1.58
2178,EC-2.7.1.59
2179,EC-2.7.1.6
2180,EC-2.7.1.60
2181,EC-2.7.1.64
2182,EC-2.7.1.65
2183,EC-2.7.1.67
2184,EC-2.7.1.68
2185,EC-2.7.1.7
2186,EC-2.7.1.71
2187,EC-2.7.1.72
2188,EC-2.7.1.73
2189,EC-2.7.1.74
2190,EC-2.7.1.76
2191,EC-2.7.1.8
2192,EC-2.7.1.82
2193,EC-2.7.1.83
2194,EC-2.7.1.86
2195,EC-2.7.1.89
2196,EC-2.7.1.90
2197,EC-2.7.1.91
2198,EC-2.7.1.92
2199,EC-2.7.1.M2
2200,EC-2.7.1.bc
2201,EC-2.7.2
2202,EC-2.7.2.1
2203,EC-2.7.2.11
2204,EC-2.7.2.15
2205,EC-2.7.2.2
2206,EC-2.7.2.3
2207,EC-2.7.2.4
2208,EC-2.7.2.7
2209,EC-2.7.2.8
2210,EC-2.7.2.M1
2211,EC-2.7.3.2
2212,EC-2.7.4
2213,EC-2.7.4.11
2214,EC-2.7.4.12
2215,EC-2.7.4.13
2216,EC-2.7.4.14
2217,EC-2.7.4.15
2218,EC-2.7.4.16
2219,EC-2.7.4.2
2220,EC-2.7.4.21
2221,EC-2.7.4.22
2222,EC-2.7.4.23
2223,EC-2.7.4.24
2224,EC-2.7.4.25
2225,EC-2.7.4.26
2226,EC-2.7.4.3
2227,EC-2.7.4.31
2228,EC-2.7.4.32
2229,EC-2.7.4.6
2230,EC-2.7.4.7
2231,EC-2.7.4.8
2232,EC-2.7.4.9
2233,EC-2.7.6
2234,EC-2.7.6.1
2235,EC-2.7.6.2
2236,EC-2.7.6.3
2237,EC-2.7.6.5
2238,EC-2.7.7
2239,EC-2.7.7.1
2240,EC-2.7.7.10
2241,EC-2.7.7.12
2242,EC-2.7.7.13
2243,EC-2.7.7.14
2244,EC-2.7.7.15
2245,EC-2.7.7.18
2246,EC-2.7.7.2
2247,EC-2.7.7.23
2248,EC-2.7.7.24
2249,EC-2.7.7.27
2250,EC-2.7.7.3
2251,EC-2.7.7.30
2252,EC-2.7.7.33
2253,EC-2.7.7.34
2254,EC-2.7.7.37
2255,EC-2.7.7.38
2256,EC-2.7.7.39
2257,EC-2.7.7.4
2258,EC-2.7.7.40
2259,EC-2.7.7.41
2260,EC-2.7.7.43
2261,EC-2.7.7.44
2262,EC-2.7.7.5
2263,EC-2.7.7.50
2264,EC-2.7.7.51
2265,EC-2.7.7.56
2266,EC-2.7.7.57
2267,EC-2.7.7.60
2268,EC-2.7.7.61
2269,EC-2.7.7.62
2270,EC-2.7.7.64
2271,EC-2.7.7.66
2272,EC-2.7.7.67
2273,EC-2.7.7.68
2274,EC-2.7.7.69
2275,EC-2.7.7.70
2276,EC-2.7.7.71
2277,EC-2.7.7.73
2278,EC-2.7.7.74
2279,EC-2.7.7.75
2280,EC-2.7.7.76
2281,EC-2.7.7.77
2282,EC-2.7.7.80
2283,EC-2.7.7.81
2284,EC-2.7.7.82
2285,EC-2.7.7.87
2286,EC-2.7.7.9
2287,EC-2.7.7.90
2288,EC-2.7.7.91
2289,EC-2.7.7.92
2290,EC-2.7.7.93
2291,EC-2.7.7.94
2292,EC-2.7.7.95
2293,EC-2.7.7.97
2294,EC-2.7.7.98
2295,EC-2.7.7.M6
2296,EC-2.7.7.M7
2297,EC-2.7.7.M9
2298,EC-2.7.8
2299,EC-2.7.8.1
2300,EC-2.7.8.11
2301,EC-2.7.8.12
2302,EC-2.7.8.14
2303,EC-2.7.8.15
2304,EC-2.7.8.2
2305,EC-2.7.8.22
2306,EC-2.7.8.23
2307,EC-2.7.8.24
2308,EC-2.7.8.26
2309,EC-2.7.8.27
2310,EC-2.7.8.28
2311,EC-2.7.8.29
2312,EC-2.7.8.31
2313,EC-2.7.8.33
2314,EC-2.7.8.34
2315,EC-2.7.8.35
2316,EC-2.7.8.36
2317,EC-2.7.8.37
2318,EC-2.7.8.40
2319,EC-2.7.8.41
2320,EC-2.7.8.44
2321,EC-2.7.8.45
2322,EC-2.7.8.46
2323,EC-2.7.8.47
2324,EC-2.7.8.5
2325,EC-2.7.8.7
2326,EC-2.7.8.8
2327,EC-2.7.8.M1
2328,EC-2.7.8.M3
2329,EC-2.7.8.M4
2330,EC-2.7.9.1
2331,EC-2.7.9.2
2332,EC-2.7.9.3
2333,EC-2.7.9.4
2334,EC-2.7.9.5
2335,EC-2.8.1
2336,EC-2.8.1.1
2337,EC-2.8.1.10
2338,EC-2.8.1.11
2339,EC-2.8.1.12
2340,EC-2.8.1.2
2341,EC-2.8.1.3
2342,EC-2.8.1.6
2343,EC-2.8.1.7
2344,EC-2.8.1.8
2345,EC-2.8.1.9
2346,EC-2.8.2
2347,EC-2.8.2.1
2348,EC-2.8.2.11
2349,EC-2.8.2.17
2350,EC-2.8.2.23
2351,EC-2.8.2.24
2352,EC-2.8.2.25
2353,EC-2.8.2.26
2354,EC-2.8.2.27
2355,EC-2.8.2.28
2356,EC-2.8.2.29
2357,EC-2.8.2.30
2358,EC-2.8.2.33
2359,EC-2.8.2.35
2360,EC-2.8.2.37
2361,EC-2.8.2.5
2362,EC-2.8.2.8
2363,EC-2.8.2.M2
2364,EC-2.8.2.d
2365,EC-2.8.2.e
2366,EC-2.8.3
2367,EC-2.8.3.1
2368,EC-2.8.3.10
2369,EC-2.8.3.12
2370,EC-2.8.3.13
2371,EC-2.8.3.15
2372,EC-2.8.3.16
2373,EC-2.8.3.18
2374,EC-2.8.3.2
2375,EC-2.8.3.20
2376,EC-2.8.3.21
2377,EC-2.8.3.22
2378,EC-2.8.3.24
2379,EC-2.8.3.25
2380,EC-2.8.3.5
2381,EC-2.8.3.6
2382,EC-2.8.3.8
2383,EC-2.8.3.9
2384,EC-2.8.4.1
2385,EC-2.8.4.2
2386,EC-2.9.1.1
2387,EC-2.9.1.2
2388,EC-3.1.1
2389,EC-3.1.1.1
2390,EC-3.1.1.100
2391,EC-3.1.1.101
2392,EC-3.1.1.102
2393,EC-3.1.1.11
2394,EC-3.1.1.13
2395,EC-3.1.1.14
2396,EC-3.1.1.15
2397,EC-3.1.1.17
2398,EC-3.1.1.23
2399,EC-3.1.1.24
2400,EC-3.1.1.25
2401,EC-3.1.1.27
2402,EC-3.1.1.29
2403,EC-3.1.1.3
2404,EC-3.1.1.30
2405,EC-3.1.1.31
2406,EC-3.1.1.32
2407,EC-3.1.1.34
2408,EC-3.1.1.35
2409,EC-3.1.1.4
2410,EC-3.1.1.42
2411,EC-3.1.1.45
2412,EC-3.1.1.49
2413,EC-3.1.1.5
2414,EC-3.1.1.57
2415,EC-3.1.1.6
2416,EC-3.1.1.64
2417,EC-3.1.1.65
2418,EC-3.1.1.73
2419,EC-3.1.1.78
2420,EC-3.1.1.79
2421,EC-3.1.1.80
2422,EC-3.1.1.82
2423,EC-3.1.1.83
2424,EC-3.1.1.85
2425,EC-3.1.1.86
2426,EC-3.1.1.91
2427,EC-3.1.1.92
2428,EC-3.1.1.94
2429,EC-3.1.1.97
2430,EC-3.1.1.99
2431,EC-3.1.1.M3
2432,EC-3.1.13.1
2433,EC-3.1.13.5
2434,EC-3.1.2
2435,EC-3.1.2.10
2436,EC-3.1.2.11
2437,EC-3.1.2.12
2438,EC-3.1.2.14
2439,EC-3.1.2.16
2440,EC-3.1.2.18
2441,EC-3.1.2.2
2442,EC-3.1.2.20
2443,EC-3.1.2.21
2444,EC-3.1.2.23
2445,EC-3.1.2.25
2446,EC-3.1.2.28
2447,EC-3.1.2.31
2448,EC-3.1.2.32
2449,EC-3.1.2.4
2450,EC-3.1.2.6
2451,EC-3.1.2.M1
2452,EC-3.1.2.M2
2453,EC-3.1.2.M3
2454,EC-3.1.26.12
2455,EC-3.1.26.5
2456,EC-3.1.3
2457,EC-3.1.3.1
2458,EC-3.1.3.10
2459,EC-3.1.3.100
2460,EC-3.1.3.101
2461,EC-3.1.3.103
2462,EC-3.1.3.104
2463,EC-3.1.3.11
2464,EC-3.1.3.12
2465,EC-3.1.3.15
2466,EC-3.1.3.18
2467,EC-3.1.3.2
2468,EC-3.1.3.21
2469,EC-3.1.3.22
2470,EC-3.1.3.24
2471,EC-3.1.3.25
2472,EC-3.1.3.26
2473,EC-3.1.3.27
2474,EC-3.1.3.29
2475,EC-3.1.3.3
2476,EC-3.1.3.33
2477,EC-3.1.3.36
2478,EC-3.1.3.37
2479,EC-3.1.3.39
2480,EC-3.1.3.4
2481,EC-3.1.3.40
2482,EC-3.1.3.45
2483,EC-3.1.3.46
2484,EC-3.1.3.5
2485,EC-3.1.3.50
2486,EC-3.1.3.56
2487,EC-3.1.3.57
2488,EC-3.1.3.58
2489,EC-3.1.3.62
2490,EC-3.1.3.64
2491,EC-3.1.3.66
2492,EC-3.1.3.67
2493,EC-3.1.3.70
2494,EC-3.1.3.71
2495,EC-3.1.3.73
2496,EC-3.1.3.74
2497,EC-3.1.3.75
2498,EC-3.1.3.78
2499,EC-3.1.3.79
2500,EC-3.1.3.8
2501,EC-3.1.3.80
2502,EC-3.1.3.81
2503,EC-3.1.3.82
2504,EC-3.1.3.83
2505,EC-3.1.3.84
2506,EC-3.1.3.85
2507,EC-3.1.3.86
2508,EC-3.1.3.87
2509,EC-3.1.3.88
2510,EC-3.1.3.9
2511,EC-3.1.3.91
2512,EC-3.1.3.92
2513,EC-3.1.3.93
2514,EC-3.1.3.95
2515,EC-3.1.3.99
2516,EC-3.1.4
2517,EC-3.1.4.11
2518,EC-3.1.4.12
2519,EC-3.1.4.14
2520,EC-3.1.4.2
2521,EC-3.1.4.3
2522,EC-3.1.4.39
2523,EC-3.1.4.4
2524,EC-3.1.4.46
2525,EC-3.1.4.55
2526,EC-3.1.4.56
2527,EC-3.1.4.57
2528,EC-3.1.6
2529,EC-3.1.6.10
2530,EC-3.1.6.11
2531,EC-3.1.6.13
2532,EC-3.1.6.9
2533,EC-3.1.7.11
2534,EC-3.1.7.2
2535,EC-3.1.7.5
2536,EC-3.1.7.6
2537,EC-3.1.7.8
2538,EC-3.1.8.1
2539,EC-3.10.1.1
2540,EC-3.11.1.1
2541,EC-3.11.1.2
2542,EC-3.13.1
2543,EC-3.13.1.1
2544,EC-3.13.1.3
2545,EC-3.13.1.4
2546,EC-3.2.1
2547,EC-3.2.1.100
2548,EC-3.2.1.105
2549,EC-3.2.1.108
2550,EC-3.2.1.114
2551,EC-3.2.1.117
2552,EC-3.2.1.118
2553,EC-3.2.1.119
2554,EC-3.2.1.120
2555,EC-3.2.1.125
2556,EC-3.2.1.126
2557,EC-3.2.1.136
2558,EC-3.2.1.14
2559,EC-3.2.1.141
2560,EC-3.2.1.147
2561,EC-3.2.1.149
2562,EC-3.2.1.15
2563,EC-3.2.1.150
2564,EC-3.2.1.155
2565,EC-3.2.1.157
2566,EC-3.2.1.159
2567,EC-3.2.1.161
2568,EC-3.2.1.162
2569,EC-3.2.1.167
2570,EC-3.2.1.169
2571,EC-3.2.1.170
2572,EC-3.2.1.171
2573,EC-3.2.1.172
2574,EC-3.2.1.173
2575,EC-3.2.1.174
2576,EC-3.2.1.175
2577,EC-3.2.1.177
2578,EC-3.2.1.178
2579,EC-3.2.1.179
2580,EC-3.2.1.180
2581,EC-3.2.1.182
2582,EC-3.2.1.183
2583,EC-3.2.1.184
2584,EC-3.2.1.193
2585,EC-3.2.1.195
2586,EC-3.2.1.196
2587,EC-3.2.1.2
2588,EC-3.2.1.20
2589,EC-3.2.1.200
2590,EC-3.2.1.201
2591,EC-3.2.1.202
2592,EC-3.2.1.21
2593,EC-3.2.1.22
2594,EC-3.2.1.23
2595,EC-3.2.1.26
2596,EC-3.2.1.28
2597,EC-3.2.1.3
2598,EC-3.2.1.31
2599,EC-3.2.1.32
2600,EC-3.2.1.33
2601,EC-3.2.1.4
2602,EC-3.2.1.40
2603,EC-3.2.1.48
2604,EC-3.2.1.52
2605,EC-3.2.1.54
2606,EC-3.2.1.56
2607,EC-3.2.1.67
2608,EC-3.2.1.68
2609,EC-3.2.1.72
2610,EC-3.2.1.78
2611,EC-3.2.1.8
2612,EC-3.2.1.80
2613,EC-3.2.1.81
2614,EC-3.2.1.82
2615,EC-3.2.1.83
2616,EC-3.2.1.85
2617,EC-3.2.1.86
2618,EC-3.2.1.91
2619,EC-3.2.1.93
2620,EC-3.2.1.ap
2621,EC-3.2.2
2622,EC-3.2.2.1
2623,EC-3.2.2.10
2624,EC-3.2.2.14
2625,EC-3.2.2.16
2626,EC-3.2.2.2
2627,EC-3.2.2.25
2628,EC-3.2.2.26
2629,EC-3.2.2.3
2630,EC-3.2.2.30
2631,EC-3.2.2.4
2632,EC-3.2.2.7
2633,EC-3.2.2.9
2634,EC-3.3.1.1
2635,EC-3.3.2
2636,EC-3.3.2.1
2637,EC-3.3.2.10
2638,EC-3.3.2.12
2639,EC-3.3.2.14
2640,EC-3.3.2.15
2641,EC-3.3.2.2
2642,EC-3.3.2.6
2643,EC-3.3.2.8
2644,EC-3.4.11
2645,EC-3.4.11.18
2646,EC-3.4.11.2
2647,EC-3.4.11.7
2648,EC-3.4.13
2649,EC-3.4.13.18
2650,EC-3.4.13.19
2651,EC-3.4.13.22
2652,EC-3.4.15.6
2653,EC-3.4.16
2654,EC-3.4.16.4
2655,EC-3.4.17
2656,EC-3.4.17.13
2657,EC-3.4.19
2658,EC-3.4.19.1
2659,EC-3.4.19.9
2660,EC-3.4.19.d
2661,EC-3.4.21.4
2662,EC-3.4.23.38
2663,EC-3.4.23.39
2664,EC-3.5.1
2665,EC-3.5.1.1
2666,EC-3.5.1.10
2667,EC-3.5.1.102
2668,EC-3.5.1.103
2669,EC-3.5.1.105
2670,EC-3.5.1.106
2671,EC-3.5.1.107
2672,EC-3.5.1.108
2673,EC-3.5.1.109
2674,EC-3.5.1.111
2675,EC-3.5.1.112
2676,EC-3.5.1.113
2677,EC-3.5.1.115
2678,EC-3.5.1.117
2679,EC-3.5.1.118
2680,EC-3.5.1.121
2681,EC-3.5.1.122
2682,EC-3.5.1.123
2683,EC-3.5.1.125
2684,EC-3.5.1.127
2685,EC-3.5.1.16
2686,EC-3.5.1.18
2687,EC-3.5.1.19
2688,EC-3.5.1.2
2689,EC-3.5.1.20
2690,EC-3.5.1.23
2691,EC-3.5.1.24
2692,EC-3.5.1.25
2693,EC-3.5.1.26
2694,EC-3.5.1.28
2695,EC-3.5.1.29
2696,EC-3.5.1.30
2697,EC-3.5.1.33
2698,EC-3.5.1.38
2699,EC-3.5.1.4
2700,EC-3.5.1.41
2701,EC-3.5.1.42
2702,EC-3.5.1.46
2703,EC-3.5.1.47
2704,EC-3.5.1.49
2705,EC-3.5.1.5
2706,EC-3.5.1.53
2707,EC-3.5.1.54
2708,EC-3.5.1.59
2709,EC-3.5.1.6
2710,EC-3.5.1.63
2711,EC-3.5.1.68
2712,EC-3.5.1.74
2713,EC-3.5.1.84
2714,EC-3.5.1.9
2715,EC-3.5.1.90
2716,EC-3.5.1.94
2717,EC-3.5.1.95
2718,EC-3.5.1.96
2719,EC-3.5.1.99
2720,EC-3.5.1.M4
2721,EC-3.5.1.M5
2722,EC-3.5.1.M7
2723,EC-3.5.2
2724,EC-3.5.2.1
2725,EC-3.5.2.10
2726,EC-3.5.2.12
2727,EC-3.5.2.14
2728,EC-3.5.2.15
2729,EC-3.5.2.17
2730,EC-3.5.2.18
2731,EC-3.5.2.2
2732,EC-3.5.2.20
2733,EC-3.5.2.3
2734,EC-3.5.2.5
2735,EC-3.5.2.7
2736,EC-3.5.2.M1
2737,EC-3.5.3.1
2738,EC-3.5.3.11
2739,EC-3.5.3.12
2740,EC-3.5.3.13
2741,EC-3.5.3.15
2742,EC-3.5.3.16
2743,EC-3.5.3.22
2744,EC-3.5.3.23
2745,EC-3.5.3.24
2746,EC-3.5.3.25
2747,EC-3.5.3.26
2748,EC-3.5.3.3
2749,EC-3.5.3.4
2750,EC-3.5.3.6
2751,EC-3.5.3.7
2752,EC-3.5.3.8
2753,EC-3.5.3.9
2754,EC-3.5.4
2755,EC-3.5.4.1
2756,EC-3.5.4.10
2757,EC-3.5.4.12
2758,EC-3.5.4.13
2759,EC-3.5.4.15
2760,EC-3.5.4.16
2761,EC-3.5.4.17
2762,EC-3.5.4.19
2763,EC-3.5.4.2
2764,EC-3.5.4.21
2765,EC-3.5.4.22
2766,EC-3.5.4.25
2767,EC-3.5.4.26
2768,EC-3.5.4.27
2769,EC-3.5.4.29
2770,EC-3.5.4.3
2771,EC-3.5.4.30
2772,EC-3.5.4.31
2773,EC-3.5.4.39
2774,EC-3.5.4.4
2775,EC-3.5.4.40
2776,EC-3.5.4.42
2777,EC-3.5.4.43
2778,EC-3.5.4.44
2779,EC-3.5.4.45
2780,EC-3.5.4.5
2781,EC-3.5.4.6
2782,EC-3.5.4.8
2783,EC-3.5.4.9
2784,EC-3.5.5.1
2785,EC-3.5.5.2
2786,EC-3.5.5.4
2787,EC-3.5.5.7
2788,EC-3.5.5.8
2789,EC-3.5.99
2790,EC-3.5.99.10
2791,EC-3.5.99.2
2792,EC-3.5.99.5
2793,EC-3.5.99.6
2794,EC-3.5.99.8
2795,EC-3.5.99.d
2796,EC-3.6.1
2797,EC-3.6.1.1
2798,EC-3.6.1.12
2799,EC-3.6.1.15
2800,EC-3.6.1.22
2801,EC-3.6.1.23
2802,EC-3.6.1.27
2803,EC-3.6.1.28
2804,EC-3.6.1.31
2805,EC-3.6.1.40
2806,EC-3.6.1.5
2807,EC-3.6.1.54
2808,EC-3.6.1.55
2809,EC-3.6.1.57
2810,EC-3.6.1.6
2811,EC-3.6.1.63
2812,EC-3.6.1.65
2813,EC-3.6.1.67
2814,EC-3.6.1.68
2815,EC-3.6.1.9
2816,EC-3.6.1.M1
2817,EC-3.6.3
2818,EC-3.6.3.14
2819,EC-3.6.3.16
2820,EC-3.6.3.40
2821,EC-3.6.4
2822,EC-3.7.1
2823,EC-3.7.1.1
2824,EC-3.7.1.12
2825,EC-3.7.1.13
2826,EC-3.7.1.14
2827,EC-3.7.1.17
2828,EC-3.7.1.19
2829,EC-3.7.1.2
2830,EC-3.7.1.20
2831,EC-3.7.1.22
2832,EC-3.7.1.23
2833,EC-3.7.1.3
2834,EC-3.7.1.6
2835,EC-3.7.1.8
2836,EC-3.7.1.9
2837,EC-3.7.1.M2
2838,EC-3.7.1.M3
2839,EC-3.8.1.2
2840,EC-3.8.1.3
2841,EC-3.8.1.5
2842,EC-3.8.1.7
2843,EC-3.8.1.8
2844,EC-4.1.1
2845,EC-4.1.1.1
2846,EC-4.1.1.100
2847,EC-4.1.1.101
2848,EC-4.1.1.103
2849,EC-4.1.1.11
2850,EC-4.1.1.15
2851,EC-4.1.1.17
2852,EC-4.1.1.18
2853,EC-4.1.1.19
2854,EC-4.1.1.2
2855,EC-4.1.1.20
2856,EC-4.1.1.21
2857,EC-4.1.1.22
2858,EC-4.1.1.23
2859,EC-4.1.1.25
2860,EC-4.1.1.28
2861,EC-4.1.1.29
2862,EC-4.1.1.3
2863,EC-4.1.1.31
2864,EC-4.1.1.32
2865,EC-4.1.1.33
2866,EC-4.1.1.34
2867,EC-4.1.1.36
2868,EC-4.1.1.37
2869,EC-4.1.1.39
2870,EC-4.1.1.4
2871,EC-4.1.1.43
2872,EC-4.1.1.44
2873,EC-4.1.1.45
2874,EC-4.1.1.47
2875,EC-4.1.1.48
2876,EC-4.1.1.49
2877,EC-4.1.1.5
2878,EC-4.1.1.50
2879,EC-4.1.1.51
2880,EC-4.1.1.52
2881,EC-4.1.1.53
2882,EC-4.1.1.56
2883,EC-4.1.1.59
2884,EC-4.1.1.6
2885,EC-4.1.1.60
2886,EC-4.1.1.65
2887,EC-4.1.1.68
2888,EC-4.1.1.69
2889,EC-4.1.1.7
2890,EC-4.1.1.70
2891,EC-4.1.1.71
2892,EC-4.1.1.72
2893,EC-4.1.1.74
2894,EC-4.1.1.75
2895,EC-4.1.1.77
2896,EC-4.1.1.79
2897,EC-4.1.1.8
2898,EC-4.1.1.80
2899,EC-4.1.1.81
2900,EC-4.1.1.82
2901,EC-4.1.1.85
2902,EC-4.1.1.86
2903,EC-4.1.1.87
2904,EC-4.1.1.91
2905,EC-4.1.1.95
2906,EC-4.1.1.96
2907,EC-4.1.1.97
2908,EC-4.1.1.98
2909,EC-4.1.1.99
2910,EC-4.1.1.M4
2911,EC-4.1.1.M5
2912,EC-4.1.1.M8
2913,EC-4.1.2
2914,EC-4.1.2.10
2915,EC-4.1.2.11
2916,EC-4.1.2.13
2917,EC-4.1.2.14
2918,EC-4.1.2.17
2919,EC-4.1.2.18
2920,EC-4.1.2.19
2921,EC-4.1.2.20
2922,EC-4.1.2.21
2923,EC-4.1.2.22
2924,EC-4.1.2.25
2925,EC-4.1.2.27
2926,EC-4.1.2.28
2927,EC-4.1.2.29
2928,EC-4.1.2.32
2929,EC-4.1.2.4
2930,EC-4.1.2.40
2931,EC-4.1.2.41
2932,EC-4.1.2.43
2933,EC-4.1.2.44
2934,EC-4.1.2.45
2935,EC-4.1.2.46
2936,EC-4.1.2.48
2937,EC-4.1.2.5
2938,EC-4.1.2.50
2939,EC-4.1.2.51
2940,EC-4.1.2.52
2941,EC-4.1.2.53
2942,EC-4.1.2.54
2943,EC-4.1.2.55
2944,EC-4.1.2.56
2945,EC-4.1.2.57
2946,EC-4.1.2.58
2947,EC-4.1.2.8
2948,EC-4.1.2.9
2949,EC-4.1.2.q
2950,EC-4.1.2.r
2951,EC-4.1.3
2952,EC-4.1.3.1
2953,EC-4.1.3.14
2954,EC-4.1.3.16
2955,EC-4.1.3.17
2956,EC-4.1.3.22
2957,EC-4.1.3.24
2958,EC-4.1.3.25
2959,EC-4.1.3.26
2960,EC-4.1.3.27
2961,EC-4.1.3.3
2962,EC-4.1.3.30
2963,EC-4.1.3.32
2964,EC-4.1.3.34
2965,EC-4.1.3.36
2966,EC-4.1.3.38
2967,EC-4.1.3.39
2968,EC-4.1.3.4
2969,EC-4.1.3.40
2970,EC-4.1.3.43
2971,EC-4.1.3.44
2972,EC-4.1.99
2973,EC-4.1.99.11
2974,EC-4.1.99.12
2975,EC-4.1.99.16
2976,EC-4.1.99.17
2977,EC-4.1.99.19
2978,EC-4.1.99.20
2979,EC-4.1.99.22
2980,EC-4.1.99.5
2981,EC-4.1.99.M1
2982,EC-4.1.99.M2
2983,EC-4.2.1
2984,EC-4.2.1.1
2985,EC-4.2.1.10
2986,EC-4.2.1.100
2987,EC-4.2.1.101
2988,EC-4.2.1.104
2989,EC-4.2.1.105
2990,EC-4.2.1.106
2991,EC-4.2.1.107
2992,EC-4.2.1.108
2993,EC-4.2.1.109
2994,EC-4.2.1.11
2995,EC-4.2.1.111
2996,EC-4.2.1.112
2997,EC-4.2.1.113
2998,EC-4.2.1.114
2999,EC-4.2.1.115
3000,EC-4.2.1.116
3001,EC-4.2.1.117
3002,EC-4.2.1.118
3003,EC-4.2.1.119
3004,EC-4.2.1.12
3005,EC-4.2.1.120
3006,EC-4.2.1.121
3007,EC-4.2.1.122
3008,EC-4.2.1.123
3009,EC-4.2.1.124
3010,EC-4.2.1.125
3011,EC-4.2.1.126
3012,EC-4.2.1.127
3013,EC-4.2.1.129
3014,EC-4.2.1.131
3015,EC-4.2.1.132
3016,EC-4.2.1.133
3017,EC-4.2.1.134
3018,EC-4.2.1.135
3019,EC-4.2.1.139
3020,EC-4.2.1.140
3021,EC-4.2.1.141
3022,EC-4.2.1.142
3023,EC-4.2.1.143
3024,EC-4.2.1.144
3025,EC-4.2.1.146
3026,EC-4.2.1.147
3027,EC-4.2.1.148
3028,EC-4.2.1.149
3029,EC-4.2.1.150
3030,EC-4.2.1.151
3031,EC-4.2.1.153
3032,EC-4.2.1.154
3033,EC-4.2.1.155
3034,EC-4.2.1.157
3035,EC-4.2.1.160
3036,EC-4.2.1.162
3037,EC-4.2.1.163
3038,EC-4.2.1.164
3039,EC-4.2.1.165
3040,EC-4.2.1.166
3041,EC-4.2.1.167
3042,EC-4.2.1.169
3043,EC-4.2.1.17
3044,EC-4.2.1.18
3045,EC-4.2.1.19
3046,EC-4.2.1.2
3047,EC-4.2.1.22
3048,EC-4.2.1.24
3049,EC-4.2.1.25
3050,EC-4.2.1.28
3051,EC-4.2.1.30
3052,EC-4.2.1.34
3053,EC-4.2.1.35
3054,EC-4.2.1.36
3055,EC-4.2.1.39
3056,EC-4.2.1.40
3057,EC-4.2.1.41
3058,EC-4.2.1.42
3059,EC-4.2.1.43
3060,EC-4.2.1.44
3061,EC-4.2.1.45
3062,EC-4.2.1.46
3063,EC-4.2.1.47
3064,EC-4.2.1.49
3065,EC-4.2.1.5
3066,EC-4.2.1.51
3067,EC-4.2.1.54
3068,EC-4.2.1.55
3069,EC-4.2.1.56
3070,EC-4.2.1.57
3071,EC-4.2.1.59
3072,EC-4.2.1.6
3073,EC-4.2.1.65
3074,EC-4.2.1.66
3075,EC-4.2.1.7
3076,EC-4.2.1.70
3077,EC-4.2.1.75
3078,EC-4.2.1.76
3079,EC-4.2.1.77
3080,EC-4.2.1.78
3081,EC-4.2.1.79
3082,EC-4.2.1.8
3083,EC-4.2.1.80
3084,EC-4.2.1.82
3085,EC-4.2.1.83
3086,EC-4.2.1.84
3087,EC-4.2.1.85
3088,EC-4.2.1.87
3089,EC-4.2.1.88
3090,EC-4.2.1.9
3091,EC-4.2.1.90
3092,EC-4.2.1.91
3093,EC-4.2.1.92
3094,EC-4.2.1.93
3095,EC-4.2.1.95
3096,EC-4.2.1.96
3097,EC-4.2.1.97
3098,EC-4.2.1.99
3099,EC-4.2.1.M1
3100,EC-4.2.1.M10
3101,EC-4.2.1.M11
3102,EC-4.2.1.M2
3103,EC-4.2.1.M9
3104,EC-4.2.2
3105,EC-4.2.2.1
3106,EC-4.2.2.10
3107,EC-4.2.2.11
3108,EC-4.2.2.13
3109,EC-4.2.2.19
3110,EC-4.2.2.20
3111,EC-4.2.2.21
3112,EC-4.2.2.23
3113,EC-4.2.2.24
3114,EC-4.2.2.25
3115,EC-4.2.2.26
3116,EC-4.2.2.3
3117,EC-4.2.2.5
3118,EC-4.2.2.7
3119,EC-4.2.2.8
3120,EC-4.2.3
3121,EC-4.2.3.1
3122,EC-4.2.3.10
3123,EC-4.2.3.103
3124,EC-4.2.3.104
3125,EC-4.2.3.105
3126,EC-4.2.3.106
3127,EC-4.2.3.107
3128,EC-4.2.3.108
3129,EC-4.2.3.113
3130,EC-4.2.3.116
3131,EC-4.2.3.117
3132,EC-4.2.3.118
3133,EC-4.2.3.119
3134,EC-4.2.3.12
3135,EC-4.2.3.120
3136,EC-4.2.3.124
3137,EC-4.2.3.128
3138,EC-4.2.3.13
3139,EC-4.2.3.131
3140,EC-4.2.3.132
3141,EC-4.2.3.144
3142,EC-4.2.3.145
3143,EC-4.2.3.146
3144,EC-4.2.3.15
3145,EC-4.2.3.152
3146,EC-4.2.3.153
3147,EC-4.2.3.154
3148,EC-4.2.3.156
3149,EC-4.2.3.16
3150,EC-4.2.3.17
3151,EC-4.2.3.18
3152,EC-4.2.3.19
3153,EC-4.2.3.20
3154,EC-4.2.3.21
3155,EC-4.2.3.22
3156,EC-4.2.3.23
3157,EC-4.2.3.24
3158,EC-4.2.3.25
3159,EC-4.2.3.26
3160,EC-4.2.3.27
3161,EC-4.2.3.28
3162,EC-4.2.3.29
3163,EC-4.2.3.30
3164,EC-4.2.3.32
3165,EC-4.2.3.33
3166,EC-4.2.3.34
3167,EC-4.2.3.35
3168,EC-4.2.3.36
3169,EC-4.2.3.37
3170,EC-4.2.3.38
3171,EC-4.2.3.4
3172,EC-4.2.3.43
3173,EC-4.2.3.44
3174,EC-4.2.3.46
3175,EC-4.2.3.47
3176,EC-4.2.3.48
3177,EC-4.2.3.49
3178,EC-4.2.3.5
3179,EC-4.2.3.50
3180,EC-4.2.3.51
3181,EC-4.2.3.52
3182,EC-4.2.3.53
3183,EC-4.2.3.54
3184,EC-4.2.3.55
3185,EC-4.2.3.56
3186,EC-4.2.3.57
3187,EC-4.2.3.58
3188,EC-4.2.3.59
3189,EC-4.2.3.6
3190,EC-4.2.3.60
3191,EC-4.2.3.61
3192,EC-4.2.3.66
3193,EC-4.2.3.67
3194,EC-4.2.3.68
3195,EC-4.2.3.7
3196,EC-4.2.3.70
3197,EC-4.2.3.71
3198,EC-4.2.3.73
3199,EC-4.2.3.74
3200,EC-4.2.3.75
3201,EC-4.2.3.76
3202,EC-4.2.3.77
3203,EC-4.2.3.8
3204,EC-4.2.3.80
3205,EC-4.2.3.81
3206,EC-4.2.3.82
3207,EC-4.2.3.83
3208,EC-4.2.3.84
3209,EC-4.2.3.85
3210,EC-4.2.3.86
3211,EC-4.2.3.94
3212,EC-4.2.99
3213,EC-4.2.99.20
3214,EC-4.2.99.21
3215,EC-4.3.1.1
3216,EC-4.3.1.12
3217,EC-4.3.1.14
3218,EC-4.3.1.19
3219,EC-4.3.1.2
3220,EC-4.3.1.20
3221,EC-4.3.1.23
3222,EC-4.3.1.24
3223,EC-4.3.1.25
3224,EC-4.3.1.29
3225,EC-4.3.1.3
3226,EC-4.3.1.30
3227,EC-4.3.1.4
3228,EC-4.3.1.7
3229,EC-4.3.2
3230,EC-4.3.2.1
3231,EC-4.3.2.2
3232,EC-4.3.2.6
3233,EC-4.3.2.M2
3234,EC-4.3.3
3235,EC-4.3.3.2
3236,EC-4.3.3.3
3237,EC-4.3.3.5
3238,EC-4.3.3.6
3239,EC-4.3.3.7
3240,EC-4.3.99.2
3241,EC-4.3.99.3
3242,EC-4.3.99.4
3243,EC-4.4.1
3244,EC-4.4.1.1
3245,EC-4.4.1.11
3246,EC-4.4.1.13
3247,EC-4.4.1.14
3248,EC-4.4.1.19
3249,EC-4.4.1.20
3250,EC-4.4.1.21
3251,EC-4.4.1.22
3252,EC-4.4.1.23
3253,EC-4.4.1.24
3254,EC-4.4.1.25
3255,EC-4.4.1.26
3256,EC-4.4.1.3
3257,EC-4.4.1.31
3258,EC-4.4.1.33
3259,EC-4.4.1.34
3260,EC-4.4.1.4
3261,EC-4.4.1.5
3262,EC-4.4.1.8
3263,EC-4.4.1.9
3264,EC-4.4.1.M2
3265,EC-4.5.1
3266,EC-4.6.1.12
3267,EC-4.6.1.16
3268,EC-4.6.1.17
3269,EC-4.7.1.1
3270,EC-4.99.1
3271,EC-4.99.1.1
3272,EC-4.99.1.2
3273,EC-4.99.1.3
3274,EC-4.99.1.4
3275,EC-4.99.1.6
3276,EC-4.99.1.7
3277,EC-4.99.1.8
3278,EC-4.99.1.9
3279,EC-4.99.1.M1
3280,EC-4.99.1.M4
3281,EC-4.99.1.M5
3282,EC-4.99.1.M6
3283,EC-4.99.1.d
3284,EC-4.99.1.e
3285,EC-5
3286,EC-5.1.1.1
3287,EC-5.1.1.12
3288,EC-5.1.1.14
3289,EC-5.1.1.17
3290,EC-5.1.1.18
3291,EC-5.1.1.19
3292,EC-5.1.1.20
3293,EC-5.1.1.22
3294,EC-5.1.1.3
3295,EC-5.1.1.4
3296,EC-5.1.1.5
3297,EC-5.1.1.7
3298,EC-5.1.1.8
3299,EC-5.1.2
3300,EC-5.1.2.2
3301,EC-5.1.2.3
3302,EC-5.1.2.7
3303,EC-5.1.2.M1
3304,EC-5.1.3
3305,EC-5.1.3.1
3306,EC-5.1.3.10
3307,EC-5.1.3.11
3308,EC-5.1.3.13
3309,EC-5.1.3.14
3310,EC-5.1.3.17
3311,EC-5.1.3.18
3312,EC-5.1.3.19
3313,EC-5.1.3.2
3314,EC-5.1.3.20
3315,EC-5.1.3.22
3316,EC-5.1.3.23
3317,EC-5.1.3.26
3318,EC-5.1.3.27
3319,EC-5.1.3.28
3320,EC-5.1.3.29
3321,EC-5.1.3.3
3322,EC-5.1.3.32
3323,EC-5.1.3.33
3324,EC-5.1.3.34
3325,EC-5.1.3.37
3326,EC-5.1.3.38
3327,EC-5.1.3.39
3328,EC-5.1.3.4
3329,EC-5.1.3.40
3330,EC-5.1.3.5
3331,EC-5.1.3.6
3332,EC-5.1.3.7
3333,EC-5.1.3.8
3334,EC-5.1.3.9
3335,EC-5.1.3.M3
3336,EC-5.1.3.r
3337,EC-5.1.99
3338,EC-5.1.99.1
3339,EC-5.1.99.4
3340,EC-5.1.99.6
3341,EC-5.1.99.7
3342,EC-5.2.1
3343,EC-5.2.1.1
3344,EC-5.2.1.10
3345,EC-5.2.1.12
3346,EC-5.2.1.13
3347,EC-5.2.1.14
3348,EC-5.2.1.2
3349,EC-5.2.1.4
3350,EC-5.3.1
3351,EC-5.3.1.1
3352,EC-5.3.1.12
3353,EC-5.3.1.13
3354,EC-5.3.1.14
3355,EC-5.3.1.16
3356,EC-5.3.1.17
3357,EC-5.3.1.23
3358,EC-5.3.1.24
3359,EC-5.3.1.25
3360,EC-5.3.1.26
3361,EC-5.3.1.27
3362,EC-5.3.1.28
3363,EC-5.3.1.29
3364,EC-5.3.1.3
3365,EC-5.3.1.30
3366,EC-5.3.1.31
3367,EC-5.3.1.32
3368,EC-5.3.1.33
3369,EC-5.3.1.34
3370,EC-5.3.1.4
3371,EC-5.3.1.5
3372,EC-5.3.1.6
3373,EC-5.3.1.8
3374,EC-5.3.1.9
3375,EC-5.3.2
3376,EC-5.3.2.3
3377,EC-5.3.2.4
3378,EC-5.3.2.5
3379,EC-5.3.2.6
3380,EC-5.3.2.7
3381,EC-5.3.2.8
3382,EC-5.3.3
3383,EC-5.3.3.1
3384,EC-5.3.3.10
3385,EC-5.3.3.12
3386,EC-5.3.3.14
3387,EC-5.3.3.17
3388,EC-5.3.3.18
3389,EC-5.3.3.19
3390,EC-5.3.3.2
3391,EC-5.3.3.4
3392,EC-5.3.3.6
3393,EC-5.3.3.8
3394,EC-5.3.99
3395,EC-5.3.99.10
3396,EC-5.3.99.2
3397,EC-5.3.99.3
3398,EC-5.3.99.4
3399,EC-5.3.99.5
3400,EC-5.3.99.6
3401,EC-5.3.99.8
3402,EC-5.3.99.9
3403,EC-5.3.99.M1
3404,EC-5.4.1.3
3405,EC-5.4.1.4
3406,EC-5.4.2.10
3407,EC-5.4.2.11
3408,EC-5.4.2.12
3409,EC-5.4.2.2
3410,EC-5.4.2.3
3411,EC-5.4.2.4
3412,EC-5.4.2.6
3413,EC-5.4.2.7
3414,EC-5.4.2.8
3415,EC-5.4.2.9
3416,EC-5.4.3
3417,EC-5.4.3.10
3418,EC-5.4.3.2
3419,EC-5.4.3.3
3420,EC-5.4.3.5
3421,EC-5.4.3.7
3422,EC-5.4.3.8
3423,EC-5.4.4
3424,EC-5.4.4.1
3425,EC-5.4.4.2
3426,EC-5.4.4.4
3427,EC-5.4.99
3428,EC-5.4.99.1
3429,EC-5.4.99.14
3430,EC-5.4.99.15
3431,EC-5.4.99.16
3432,EC-5.4.99.17
3433,EC-5.4.99.18
3434,EC-5.4.99.2
3435,EC-5.4.99.31
3436,EC-5.4.99.34
3437,EC-5.4.99.35
3438,EC-5.4.99.36
3439,EC-5.4.99.37
3440,EC-5.4.99.39
3441,EC-5.4.99.4
3442,EC-5.4.99.40
3443,EC-5.4.99.41
3444,EC-5.4.99.49
3445,EC-5.4.99.5
3446,EC-5.4.99.50
3447,EC-5.4.99.53
3448,EC-5.4.99.55
3449,EC-5.4.99.57
3450,EC-5.4.99.58
3451,EC-5.4.99.59
3452,EC-5.4.99.60
3453,EC-5.4.99.61
3454,EC-5.4.99.62
3455,EC-5.4.99.63
3456,EC-5.4.99.64
3457,EC-5.4.99.7
3458,EC-5.4.99.8
3459,EC-5.4.99.9
3460,EC-5.5.1
3461,EC-5.5.1.1
3462,EC-5.5.1.11
3463,EC-5.5.1.12
3464,EC-5.5.1.13
3465,EC-5.5.1.14
3466,EC-5.5.1.15
3467,EC-5.5.1.16
3468,EC-5.5.1.17
3469,EC-5.5.1.18
3470,EC-5.5.1.19
3471,EC-5.5.1.2
3472,EC-5.5.1.22
3473,EC-5.5.1.23
3474,EC-5.5.1.24
3475,EC-5.5.1.25
3476,EC-5.5.1.27
3477,EC-5.5.1.4
3478,EC-5.5.1.6
3479,EC-5.5.1.7
3480,EC-5.5.1.8
3481,EC-5.5.1.9
3482,EC-5.99.1.4
3483,EC-6.1
3484,EC-6.1.1
3485,EC-6.1.1.1
3486,EC-6.1.1.10
3487,EC-6.1.1.11
3488,EC-6.1.1.12
3489,EC-6.1.1.14
3490,EC-6.1.1.15
3491,EC-6.1.1.16
3492,EC-6.1.1.17
3493,EC-6.1.1.18
3494,EC-6.1.1.19
3495,EC-6.1.1.2
3496,EC-6.1.1.20
3497,EC-6.1.1.21
3498,EC-6.1.1.22
3499,EC-6.1.1.24
3500,EC-6.1.1.27
3501,EC-6.1.1.3
3502,EC-6.1.1.4
3503,EC-6.1.1.5
3504,EC-6.1.1.6
3505,EC-6.1.1.7
3506,EC-6.1.1.9
3507,EC-6.1.2.1
3508,EC-6.2.1
3509,EC-6.2.1.1
3510,EC-6.2.1.12
3511,EC-6.2.1.13
3512,EC-6.2.1.14
3513,EC-6.2.1.17
3514,EC-6.2.1.18
3515,EC-6.2.1.19
3516,EC-6.2.1.2
3517,EC-6.2.1.20
3518,EC-6.2.1.22
3519,EC-6.2.1.25
3520,EC-6.2.1.26
3521,EC-6.2.1.27
3522,EC-6.2.1.28
3523,EC-6.2.1.3
3524,EC-6.2.1.30
3525,EC-6.2.1.31
3526,EC-6.2.1.32
3527,EC-6.2.1.33
3528,EC-6.2.1.34
3529,EC-6.2.1.35
3530,EC-6.2.1.36
3531,EC-6.2.1.37
3532,EC-6.2.1.38
3533,EC-6.2.1.39
3534,EC-6.2.1.4
3535,EC-6.2.1.40
3536,EC-6.2.1.41
3537,EC-6.2.1.42
3538,EC-6.2.1.44
3539,EC-6.2.1.45
3540,EC-6.2.1.47
3541,EC-6.2.1.48
3542,EC-6.2.1.5
3543,EC-6.2.1.7
3544,EC-6.2.1.9
3545,EC-6.2.1.M2
3546,EC-6.2.1.M4
3547,EC-6.2.1.M5
3548,EC-6.2.1.M7
3549,EC-6.3
3550,EC-6.3.1
3551,EC-6.3.1.1
3552,EC-6.3.1.10
3553,EC-6.3.1.11
3554,EC-6.3.1.12
3555,EC-6.3.1.13
3556,EC-6.3.1.14
3557,EC-6.3.1.18
3558,EC-6.3.1.2
3559,EC-6.3.1.20
3560,EC-6.3.1.5
3561,EC-6.3.1.8
3562,EC-6.3.1.9
3563,EC-6.3.2
3564,EC-6.3.2.1
3565,EC-6.3.2.10
3566,EC-6.3.2.11
3567,EC-6.3.2.12
3568,EC-6.3.2.13
3569,EC-6.3.2.17
3570,EC-6.3.2.2
3571,EC-6.3.2.23
3572,EC-6.3.2.26
3573,EC-6.3.2.29
3574,EC-6.3.2.3
3575,EC-6.3.2.30
3576,EC-6.3.2.31
3577,EC-6.3.2.34
3578,EC-6.3.2.35
3579,EC-6.3.2.36
3580,EC-6.3.2.38
3581,EC-6.3.2.39
3582,EC-6.3.2.4
3583,EC-6.3.2.40
3584,EC-6.3.2.43
3585,EC-6.3.2.45
3586,EC-6.3.2.46
3587,EC-6.3.2.47
3588,EC-6.3.2.49
3589,EC-6.3.2.5
3590,EC-6.3.2.6
3591,EC-6.3.2.7
3592,EC-6.3.2.8
3593,EC-6.3.2.9
3594,EC-6.3.2.M1
3595,EC-6.3.2.M4
3596,EC-6.3.2.M5
3597,EC-6.3.2.y
3598,EC-6.3.2.z
3599,EC-6.3.3
3600,EC-6.3.3.1
3601,EC-6.3.3.2
3602,EC-6.3.3.3
3603,EC-6.3.3.4
3604,EC-6.3.3.5
3605,EC-6.3.3.6
3606,EC-6.3.3.d
3607,EC-6.3.4
3608,EC-6.3.4.12
3609,EC-6.3.4.13
3610,EC-6.3.4.14
3611,EC-6.3.4.15
3612,EC-6.3.4.16
3613,EC-6.3.4.18
3614,EC-6.3.4.2
3615,EC-6.3.4.20
3616,EC-6.3.4.21
3617,EC-6.3.4.23
3618,EC-6.3.4.24
3619,EC-6.3.4.3
3620,EC-6.3.4.4
3621,EC-6.3.4.5
3622,EC-6.3.4.6
3623,EC-6.3.5.1
3624,EC-6.3.5.10
3625,EC-6.3.5.11
3626,EC-6.3.5.2
3627,EC-6.3.5.3
3628,EC-6.3.5.4
3629,EC-6.3.5.5
3630,EC-6.3.5.6
3631,EC-6.3.5.7
3632,EC-6.3.5.9
3633,EC-6.3.5.M1
3634,EC-6.3.5.M2
3635,EC-6.3.5.b
3636,EC-6.4.1
3637,EC-6.4.1.1
3638,EC-6.4.1.2
3639,EC-6.4.1.3
3640,EC-6.4.1.4
3641,EC-6.4.1.5
3642,EC-6.4.1.6
3643,EC-6.4.1.7
3644,EC-6.4.1.8
3645,EC-6.4.1.b
3646,EC-6.5.1
3647,EC-6.5.1.8
3648,EC-6.6.1.1
3649,EC-6.6.1.2
